Ward_No,date,mean
29,7/11/2018,0.16716787
28,7/11/2018,0.128893487
27,7/11/2018,0.193461791
26,7/11/2018,0.193461791
25,7/11/2018,0.192031503
24,7/11/2018,0.135110961
30,7/11/2018,0.057203149
31,7/11/2018,-0.027345503
32,7/11/2018,-0.21127674
77,7/11/2018,0.146167454
76,7/11/2018,0.09687456
74,7/11/2018,0.030305283
72,7/11/2018,-0.040474895
68,7/11/2018,0.087572073
67,7/11/2018,0.025960943
69,7/11/2018,0.146716564
70,7/11/2018,0.073865732
71,7/11/2018,0.012799379
73,7/11/2018,-0.040474895
75,7/11/2018,0.132723496
34,7/11/2018,-0.19697227
36,7/11/2018,-0.032081694
33,7/11/2018,-0.296252495
35,7/11/2018,-0.159559346
15,7/11/2018,0.097044028
16,7/11/2018,-0.114150837
17,7/11/2018,-0.039828376
18,7/11/2018,-0.11587096
19,7/11/2018,-0.294071284
20,7/11/2018,-0.285593682
21,7/11/2018,-0.302843481
22,7/11/2018,-0.302448107
23,7/11/2018,-0.205856581
66,7/11/2018,-0.040474895
63,7/11/2018,-0.040474895
59,7/11/2018,-0.040474895
56,7/11/2018,-0.040474895
58,7/11/2018,-0.040474895
57,7/11/2018,-0.040474895
60,7/11/2018,-0.040474895
62,7/11/2018,-0.040474895
61,7/11/2018,-0.040474895
65,7/11/2018,-0.040474895
64,7/11/2018,-0.040474895
48,7/11/2018,-0.050679848
47,7/11/2018,-0.04096191
49,7/11/2018,-0.034378575
50,7/11/2018,-0.040474895
52,7/11/2018,-0.040474895
51,7/11/2018,-0.040474895
54,7/11/2018,-0.040474895
53,7/11/2018,-0.040474895
55,7/11/2018,-0.003154976
37,7/11/2018,-0.015258122
40,7/11/2018,0.096544076
38,7/11/2018,-0.163699687
39,7/11/2018,-0.135022974
41,7/11/2018,-0.087904874
42,7/11/2018,-0.228663027
43,7/11/2018,-0.289470993
45,7/11/2018,-0.069815656
46,7/11/2018,-0.051435338
44,7/11/2018,-0.044891321
11,7/11/2018,-0.357914641
12,7/11/2018,-0.307439205
13,7/11/2018,-0.302843481
14,7/11/2018,-0.265352451
1,7/11/2018,-0.315372627
2,7/11/2018,-0.427925736
3,7/11/2018,-0.408969959
4,7/11/2018,0.013521543
5,7/11/2018,-0.340361445
6,7/11/2018,-0.422898951
7,7/11/2018,-0.421627184
9,7/11/2018,-0.355200544
10,7/11/2018,-0.322306372
8,7/11/2018,-0.308581202
29,7/12/2018,-0.606807318
28,7/12/2018,-0.511046291
27,7/12/2018,-0.462075521
26,7/12/2018,-0.445640149
25,7/12/2018,-0.424923675
24,7/12/2018,-0.455049396
30,7/12/2018,-0.367172509
31,7/12/2018,-0.429962658
32,7/12/2018,-0.367946855
77,7/12/2018,-0.288091248
76,7/12/2018,-0.244540303
74,7/12/2018,-0.225775277
72,7/12/2018,-0.224160567
68,7/12/2018,-0.224160567
67,7/12/2018,-0.224160567
69,7/12/2018,-0.261024379
70,7/12/2018,-0.224160567
71,7/12/2018,-0.224160567
73,7/12/2018,-0.225405127
75,7/12/2018,-0.237145273
34,7/12/2018,-0.276293194
36,7/12/2018,-0.378403954
33,7/12/2018,-0.365912809
35,7/12/2018,-0.271177377
15,7/12/2018,-0.246815904
16,7/12/2018,-0.405615197
17,7/12/2018,-0.296954
18,7/12/2018,-0.35256273
19,7/12/2018,-0.429766158
20,7/12/2018,-0.429881722
21,7/12/2018,-0.429881722
22,7/12/2018,-0.439105566
23,7/12/2018,-0.451837624
66,7/12/2018,-0.228313098
63,7/12/2018,-0.238216884
59,7/12/2018,-0.224160567
56,7/12/2018,-0.224161116
58,7/12/2018,-0.224160567
57,7/12/2018,-0.224160567
60,7/12/2018,-0.224160567
62,7/12/2018,-0.224160567
61,7/12/2018,-0.224160567
65,7/12/2018,-0.224160567
64,7/12/2018,-0.224160567
48,7/12/2018,-0.25144456
47,7/12/2018,-0.261857876
49,7/12/2018,-0.214648575
50,7/12/2018,-0.237137707
52,7/12/2018,-0.224160567
51,7/12/2018,-0.226079783
54,7/12/2018,-0.224160709
53,7/12/2018,-0.224160567
55,7/12/2018,-0.232058335
37,7/12/2018,-0.429108163
40,7/12/2018,-0.454301996
38,7/12/2018,-0.307930343
39,7/12/2018,-0.320176161
41,7/12/2018,-0.454988616
42,7/12/2018,-0.454475627
43,7/12/2018,-0.446946537
45,7/12/2018,-0.355690801
46,7/12/2018,-0.269591018
44,7/12/2018,-0.27203186
11,7/12/2018,-0.555986793
12,7/12/2018,-0.566601158
13,7/12/2018,-0.464469161
14,7/12/2018,-0.602850773
1,7/12/2018,-0.543232826
2,7/12/2018,-0.578153603
3,7/12/2018,-0.578245461
4,7/12/2018,-0.478548919
5,7/12/2018,-0.449905006
6,7/12/2018,-0.497908191
7,7/12/2018,-0.461974522
9,7/12/2018,-0.430252022
10,7/12/2018,-0.489698617
8,7/12/2018,-0.429472141
29,7/13/2018,-0.841634546
28,7/13/2018,-0.830888093
27,7/13/2018,-0.547784792
26,7/13/2018,-0.815194016
25,7/13/2018,-0.64386441
24,7/13/2018,0.067593433
30,7/13/2018,-0.845570518
31,7/13/2018,-0.978593779
32,7/13/2018,-0.854237715
77,7/13/2018,-0.342474539
76,7/13/2018,-0.493464282
74,7/13/2018,-0.039377635
72,7/13/2018,-0.03823371
68,7/13/2018,0.008833865
67,7/13/2018,0.008833865
69,7/13/2018,0.006550281
70,7/13/2018,-0.011178852
71,7/13/2018,0.026024508
73,7/13/2018,-0.041773963
75,7/13/2018,-0.041104122
34,7/13/2018,-0.717400906
36,7/13/2018,-0.722515207
33,7/13/2018,-0.597067829
35,7/13/2018,-0.170410292
15,7/13/2018,0.004205939
16,7/13/2018,-0.043100435
17,7/13/2018,0.044887908
18,7/13/2018,0.304330538
19,7/13/2018,-0.100076962
20,7/13/2018,0.061341933
21,7/13/2018,0.059904148
22,7/13/2018,0.084985068
23,7/13/2018,-0.35192756
66,7/13/2018,0.01756606
63,7/13/2018,0.224146733
59,7/13/2018,0.224579957
56,7/13/2018,-0.044945454
58,7/13/2018,0.149961
57,7/13/2018,-0.035825061
60,7/13/2018,0.282202301
62,7/13/2018,0.200257492
61,7/13/2018,0.279555442
65,7/13/2018,0.008833865
64,7/13/2018,0.163137472
48,7/13/2018,-0.004278781
47,7/13/2018,0.165207102
49,7/13/2018,-0.540529881
50,7/13/2018,0.269676502
52,7/13/2018,0.290718353
51,7/13/2018,0.211473468
54,7/13/2018,-0.044653708
53,7/13/2018,-0.044508602
55,7/13/2018,-0.04911385
37,7/13/2018,-0.643687248
40,7/13/2018,-0.069002391
38,7/13/2018,-0.356695162
39,7/13/2018,0.377740668
41,7/13/2018,0.095587972
42,7/13/2018,0.085395776
43,7/13/2018,0.108455211
45,7/13/2018,0.369241748
46,7/13/2018,0.454513497
44,7/13/2018,0.431666549
11,7/13/2018,-0.563858782
12,7/13/2018,-0.519660305
13,7/13/2018,-0.484314517
14,7/13/2018,-0.818930197
1,7/13/2018,0.196128283
2,7/13/2018,-0.038220126
3,7/13/2018,0.05982186
4,7/13/2018,0.016744235
5,7/13/2018,-0.059905486
6,7/13/2018,-0.078324469
7,7/13/2018,-0.265638708
9,7/13/2018,-0.264610053
10,7/13/2018,-0.541572806
8,7/13/2018,-0.074176371
29,7/15/2018,-1.164545135
28,7/15/2018,-1.23281014
27,7/15/2018,-1.233092225
26,7/15/2018,-1.252608823
25,7/15/2018,-1.255403311
24,7/15/2018,-1.23281014
30,7/15/2018,-1.262701273
31,7/15/2018,-1.216163062
32,7/15/2018,-1.277173251
77,7/15/2018,-1.500448684
76,7/15/2018,-1.412884772
74,7/15/2018,-1.455462922
72,7/15/2018,-1.440771438
68,7/15/2018,-1.483677528
67,7/15/2018,-1.490032511
69,7/15/2018,-1.493681938
70,7/15/2018,-1.495436632
71,7/15/2018,-1.465001002
73,7/15/2018,-1.437466399
75,7/15/2018,-1.499379989
34,7/15/2018,-1.386503943
36,7/15/2018,-1.262701273
33,7/15/2018,-1.303925413
35,7/15/2018,-1.34831802
15,7/15/2018,-1.440889843
16,7/15/2018,-1.429888725
17,7/15/2018,-1.396742823
18,7/15/2018,-1.233919443
19,7/15/2018,-1.405549063
20,7/15/2018,-1.281092884
21,7/15/2018,-1.267594289
22,7/15/2018,-1.232858497
23,7/15/2018,-1.232811749
66,7/15/2018,-1.404347299
63,7/15/2018,-1.268564514
59,7/15/2018,-1.436542011
56,7/15/2018,-1.436657667
58,7/15/2018,-1.436657667
57,7/15/2018,-1.436657667
60,7/15/2018,-1.434098597
62,7/15/2018,-1.288436274
61,7/15/2018,-1.418180749
65,7/15/2018,-1.436392671
64,7/15/2018,-1.411924397
48,7/15/2018,-1.433042427
47,7/15/2018,-1.434118586
49,7/15/2018,-1.4274974
50,7/15/2018,-1.434688943
52,7/15/2018,-1.436657667
51,7/15/2018,-1.436657667
54,7/15/2018,-1.436657667
53,7/15/2018,-1.436657667
55,7/15/2018,-1.440077905
37,7/15/2018,-1.261575395
40,7/15/2018,-1.236617537
38,7/15/2018,-1.259351509
39,7/15/2018,-1.237660086
41,7/15/2018,-1.23281014
42,7/15/2018,-1.23281014
43,7/15/2018,-1.23281014
45,7/15/2018,-1.232834412
46,7/15/2018,-1.330486424
44,7/15/2018,-1.286794549
11,7/15/2018,-1.428286155
12,7/15/2018,-1.243445692
13,7/15/2018,-1.364890587
14,7/15/2018,-1.17805831
1,7/15/2018,-1.185552313
2,7/15/2018,-1.345650431
3,7/15/2018,-1.350281356
4,7/15/2018,-1.42539431
5,7/15/2018,-1.436873674
6,7/15/2018,-1.436873674
7,7/15/2018,-1.436873674
9,7/15/2018,-1.436873674
10,7/15/2018,-1.436873674
8,7/15/2018,-1.431900829
29,7/16/2018,-0.875995612
28,7/16/2018,-0.861854459
27,7/16/2018,-0.810572048
26,7/16/2018,-0.748371483
25,7/16/2018,-0.755992864
24,7/16/2018,-0.828928837
30,7/16/2018,-0.741934165
31,7/16/2018,-0.761347244
32,7/16/2018,-0.727357624
77,7/16/2018,-1.047766493
76,7/16/2018,-0.873270615
74,7/16/2018,-0.983027665
72,7/16/2018,-0.98288238
68,7/16/2018,-1.01016215
67,7/16/2018,-0.999219295
69,7/16/2018,-1.010826646
70,7/16/2018,-0.997639234
71,7/16/2018,-0.987126105
73,7/16/2018,-0.98288238
75,7/16/2018,-1.000538408
34,7/16/2018,-0.714968211
36,7/16/2018,-0.74047827
33,7/16/2018,-0.709063921
35,7/16/2018,-0.763884032
15,7/16/2018,-1.010930061
16,7/16/2018,-1.004877315
17,7/16/2018,-0.996407034
18,7/16/2018,-0.818810055
19,7/16/2018,-0.993455568
20,7/16/2018,-0.873950429
21,7/16/2018,-0.840070493
22,7/16/2018,-0.830689299
23,7/16/2018,-0.833423475
66,7/16/2018,-0.990642617
63,7/16/2018,-0.982891842
59,7/16/2018,-0.98288238
56,7/16/2018,-0.98288238
58,7/16/2018,-0.98288238
57,7/16/2018,-0.98288238
60,7/16/2018,-0.98288238
62,7/16/2018,-0.98288238
61,7/16/2018,-0.98288238
65,7/16/2018,-0.983113973
64,7/16/2018,-0.982993457
48,7/16/2018,-0.774696307
47,7/16/2018,-0.759083943
49,7/16/2018,-0.755425371
50,7/16/2018,-0.761899397
52,7/16/2018,-0.899169252
51,7/16/2018,-0.768157116
54,7/16/2018,-0.975642941
53,7/16/2018,-0.85577858
55,7/16/2018,-0.972191839
37,7/16/2018,-0.758618795
40,7/16/2018,-0.817124051
38,7/16/2018,-0.764124293
39,7/16/2018,-0.791038865
41,7/16/2018,-0.826780231
42,7/16/2018,-0.828809605
43,7/16/2018,-0.82344469
45,7/16/2018,-0.775760792
46,7/16/2018,-0.759797663
44,7/16/2018,-0.775623114
11,7/16/2018,-0.862655265
12,7/16/2018,-0.867033972
13,7/16/2018,-0.881312252
14,7/16/2018,-0.912058983
1,7/16/2018,-1.090886725
2,7/16/2018,-1.02486299
3,7/16/2018,-1.051340174
4,7/16/2018,-1.040325918
5,7/16/2018,-1.006349642
6,7/16/2018,-0.99549579
7,7/16/2018,-0.967720909
9,7/16/2018,-0.978571187
10,7/16/2018,-0.903109506
8,7/16/2018,-0.996174997
29,7/17/2018,-0.548997003
28,7/17/2018,-0.534375548
27,7/17/2018,-0.534434458
26,7/17/2018,-0.534430255
25,7/17/2018,-0.574612641
24,7/17/2018,-0.574070525
30,7/17/2018,-0.549860798
31,7/17/2018,-0.583927505
32,7/17/2018,-0.716730288
77,7/17/2018,-0.507578053
76,7/17/2018,-0.64623489
74,7/17/2018,-0.613574909
72,7/17/2018,-0.587209515
68,7/17/2018,-0.530248882
67,7/17/2018,-0.530179083
69,7/17/2018,-0.607062177
70,7/17/2018,-0.539420653
71,7/17/2018,-0.531041738
73,7/17/2018,-0.633697791
75,7/17/2018,-0.581464144
34,7/17/2018,-0.68629703
36,7/17/2018,-0.677087849
33,7/17/2018,-0.714754691
35,7/17/2018,-0.665926053
15,7/17/2018,-0.540794311
16,7/17/2018,-0.532515397
17,7/17/2018,-0.53020344
18,7/17/2018,-0.530985382
19,7/17/2018,-0.593123256
20,7/17/2018,-0.537940979
21,7/17/2018,-0.611490949
22,7/17/2018,-0.565647096
23,7/17/2018,-0.582750721
66,7/17/2018,-0.530179083
63,7/17/2018,-0.530179083
59,7/17/2018,-0.533912844
56,7/17/2018,-0.592736394
58,7/17/2018,-0.531297732
57,7/17/2018,-0.581007049
60,7/17/2018,-0.530179083
62,7/17/2018,-0.530179083
61,7/17/2018,-0.530179083
65,7/17/2018,-0.530179083
64,7/17/2018,-0.530179083
48,7/17/2018,-0.67078686
47,7/17/2018,-0.589285127
49,7/17/2018,-0.6764336
50,7/17/2018,-0.531348174
52,7/17/2018,-0.536311329
51,7/17/2018,-0.533512134
54,7/17/2018,-0.577022536
53,7/17/2018,-0.584079471
55,7/17/2018,-0.672764614
37,7/17/2018,-0.661352098
40,7/17/2018,-0.65636651
38,7/17/2018,-0.661352098
39,7/17/2018,-0.660523783
41,7/17/2018,-0.642098192
42,7/17/2018,-0.607591663
43,7/17/2018,-0.557253201
45,7/17/2018,-0.625972758
46,7/17/2018,-0.605846363
44,7/17/2018,-0.535516692
11,7/17/2018,-0.621238141
12,7/17/2018,-0.752257253
13,7/17/2018,-0.63249582
14,7/17/2018,-0.596417754
1,7/17/2018,-0.660517393
2,7/17/2018,-0.597229108
3,7/17/2018,-0.635462266
4,7/17/2018,-0.636293054
5,7/17/2018,-0.589260773
6,7/17/2018,-0.609998041
7,7/17/2018,-0.609078026
9,7/17/2018,-0.632018094
10,7/17/2018,-0.631792649
8,7/17/2018,-0.566352361
29,7/19/2018,-0.344088972
28,7/19/2018,-0.208658622
27,7/19/2018,-0.463190387
26,7/19/2018,-0.574481235
25,7/19/2018,-0.57400663
24,7/19/2018,-0.340504701
30,7/19/2018,-0.572504927
31,7/19/2018,-0.599913639
32,7/19/2018,-0.778281036
77,7/19/2018,-0.214961503
76,7/19/2018,-0.405281509
74,7/19/2018,-0.391544125
72,7/19/2018,-0.396817893
68,7/19/2018,-0.085954827
67,7/19/2018,-0.231260913
69,7/19/2018,-0.033708427
70,7/19/2018,-0.268625983
71,7/19/2018,-0.345887599
73,7/19/2018,-0.396817893
75,7/19/2018,-0.227333967
34,7/19/2018,-0.803815054
36,7/19/2018,-0.702669721
33,7/19/2018,-0.904384104
35,7/19/2018,-0.834366791
15,7/19/2018,-7.66E-04
16,7/19/2018,-0.145180757
17,7/19/2018,-0.226214863
18,7/19/2018,-0.257208174
19,7/19/2018,-0.185757057
20,7/19/2018,-0.216202413
21,7/19/2018,-0.197541016
22,7/19/2018,-0.198329843
23,7/19/2018,-0.199391764
66,7/19/2018,-0.241097875
63,7/19/2018,-0.26098413
59,7/19/2018,-0.38533037
56,7/19/2018,-0.396817893
58,7/19/2018,-0.396796684
57,7/19/2018,-0.396776079
60,7/19/2018,-0.282844026
62,7/19/2018,-0.26085785
61,7/19/2018,-0.27655917
65,7/19/2018,-0.297785704
64,7/19/2018,-0.289559445
48,7/19/2018,-0.613850989
47,7/19/2018,-0.374783815
49,7/19/2018,-0.489112702
50,7/19/2018,-0.357293352
52,7/19/2018,-0.396354432
51,7/19/2018,-0.381401676
54,7/19/2018,-0.396817857
53,7/19/2018,-0.396768808
55,7/19/2018,-0.402436032
37,7/19/2018,-0.726541557
40,7/19/2018,-0.627181834
38,7/19/2018,-0.826048195
39,7/19/2018,-0.684994829
41,7/19/2018,-0.236705273
42,7/19/2018,-0.207061281
43,7/19/2018,-0.226700065
45,7/19/2018,-0.288341197
46,7/19/2018,-0.356009399
44,7/19/2018,-0.261414628
11,7/19/2018,-0.125416212
12,7/19/2018,-0.187286936
13,7/19/2018,-0.206169387
14,7/19/2018,-0.232421207
1,7/19/2018,-0.081963245
2,7/19/2018,-0.065071964
3,7/19/2018,-0.002425953
4,7/19/2018,0.014378461
5,7/19/2018,9.58E-04
6,7/19/2018,-0.041296109
7,7/19/2018,-0.066115259
9,7/19/2018,-0.065941424
10,7/19/2018,-0.091254138
8,7/19/2018,-0.107594536
29,7/20/2018,-0.909264885
28,7/20/2018,-1.192435233
27,7/20/2018,-1.334313213
26,7/20/2018,-1.309099235
25,7/20/2018,-1.266841166
24,7/20/2018,-1.393815517
30,7/20/2018,-1.087021438
31,7/20/2018,-1.115909656
32,7/20/2018,-1.06895899
77,7/20/2018,-1.12684201
76,7/20/2018,-1.215519322
74,7/20/2018,-1.095043258
72,7/20/2018,-1.117295408
68,7/20/2018,-1.033749933
67,7/20/2018,-1.04680806
69,7/20/2018,-1.065674991
70,7/20/2018,-1.094258547
71,7/20/2018,-1.114014252
73,7/20/2018,-1.18734577
75,7/20/2018,-1.094258547
34,7/20/2018,-1.249632138
36,7/20/2018,-1.088173002
33,7/20/2018,-1.083118887
35,7/20/2018,-1.318857954
15,7/20/2018,-0.958933332
16,7/20/2018,-0.953712285
17,7/20/2018,-0.955446089
18,7/20/2018,-1.218735314
19,7/20/2018,-0.956653613
20,7/20/2018,-0.976795941
21,7/20/2018,-1.029944175
22,7/20/2018,-1.312665379
23,7/20/2018,-1.349141118
66,7/20/2018,-0.971813067
63,7/20/2018,-0.97357047
59,7/20/2018,-1.40714395
56,7/20/2018,-1.4344337
58,7/20/2018,-1.274293943
57,7/20/2018,-1.288914228
60,7/20/2018,-1.269512392
62,7/20/2018,-0.974129653
61,7/20/2018,-1.220105296
65,7/20/2018,-1.070609916
64,7/20/2018,-1.075983442
48,7/20/2018,-1.488758087
47,7/20/2018,-1.486433265
49,7/20/2018,-1.465914668
50,7/20/2018,-1.488209994
52,7/20/2018,-1.449003706
51,7/20/2018,-1.488758087
54,7/20/2018,-1.488438423
53,7/20/2018,-1.488646605
55,7/20/2018,-1.266644438
37,7/20/2018,-1.283208626
40,7/20/2018,-1.393697497
38,7/20/2018,-1.308898469
39,7/20/2018,-1.393830438
41,7/20/2018,-1.393815517
42,7/20/2018,-1.393815517
43,7/20/2018,-1.393815517
45,7/20/2018,-1.393815575
46,7/20/2018,-1.433887556
44,7/20/2018,-1.401781357
11,7/20/2018,-0.780420249
12,7/20/2018,-0.626800919
13,7/20/2018,-0.886102936
14,7/20/2018,-0.810216248
1,7/20/2018,-1.384020012
2,7/20/2018,-1.338574616
3,7/20/2018,-1.339861773
4,7/20/2018,-1.133509708
5,7/20/2018,-0.953712285
6,7/20/2018,-1.010125269
7,7/20/2018,-0.978228511
9,7/20/2018,-0.953712285
10,7/20/2018,-0.890709586
8,7/20/2018,-0.953712285
29,7/21/2018,-0.677128466
28,7/21/2018,-0.713586974
27,7/21/2018,-0.646609409
26,7/21/2018,-0.553044944
25,7/21/2018,-0.559051298
24,7/21/2018,-0.708348265
30,7/21/2018,-0.553026259
31,7/21/2018,-0.546634792
32,7/21/2018,-0.539869427
77,7/21/2018,-0.757197226
76,7/21/2018,-0.770512441
74,7/21/2018,-0.758932723
72,7/21/2018,-0.758949086
68,7/21/2018,-0.740011434
67,7/21/2018,-0.752824828
69,7/21/2018,-0.735367864
70,7/21/2018,-0.75157045
71,7/21/2018,-0.754315118
73,7/21/2018,-0.758949086
75,7/21/2018,-0.749884259
34,7/21/2018,-0.449552311
36,7/21/2018,-0.544007956
33,7/21/2018,-0.417074956
35,7/21/2018,-0.488071987
15,7/21/2018,-0.731912898
16,7/21/2018,-0.7404433
17,7/21/2018,-0.751553258
18,7/21/2018,-0.752392144
19,7/21/2018,-0.682411817
20,7/21/2018,-0.722517777
21,7/21/2018,-0.716119289
22,7/21/2018,-0.716151749
23,7/21/2018,-0.716119289
66,7/21/2018,-0.754480606
63,7/21/2018,-0.750260221
59,7/21/2018,-0.731150956
56,7/21/2018,-0.737402747
58,7/21/2018,-0.741480399
57,7/21/2018,-0.74284598
60,7/21/2018,-0.733690062
62,7/21/2018,-0.737263041
61,7/21/2018,-0.734327035
65,7/21/2018,-0.758942983
64,7/21/2018,-0.749335907
48,7/21/2018,-0.584927783
47,7/21/2018,-0.666799091
49,7/21/2018,-0.603413135
50,7/21/2018,-0.675046444
52,7/21/2018,-0.68616537
51,7/21/2018,-0.675046444
54,7/21/2018,-0.719204407
53,7/21/2018,-0.684616424
55,7/21/2018,-0.747403018
37,7/21/2018,-0.546989486
40,7/21/2018,-0.649899095
38,7/21/2018,-0.497514487
39,7/21/2018,-0.636701165
41,7/21/2018,-0.721067012
42,7/21/2018,-0.716119289
43,7/21/2018,-0.716840303
45,7/21/2018,-0.740397424
46,7/21/2018,-0.664692736
44,7/21/2018,-0.712458559
11,7/21/2018,-0.676683487
12,7/21/2018,-0.82308141
13,7/21/2018,-0.708549876
14,7/21/2018,-0.747025274
1,7/21/2018,-0.715078842
2,7/21/2018,-0.656773414
3,7/21/2018,-0.718350546
4,7/21/2018,-0.7339101
5,7/21/2018,-0.714750924
6,7/21/2018,-0.664823459
7,7/21/2018,-0.653986529
9,7/21/2018,-0.653986529
10,7/21/2018,-0.656205474
8,7/21/2018,-0.673935208
29,7/22/2018,-0.727706176
28,7/22/2018,-0.726465038
27,7/22/2018,-0.687319695
26,7/22/2018,-0.679112461
25,7/22/2018,-0.715428128
24,7/22/2018,-0.663040701
30,7/22/2018,-1.064473838
31,7/22/2018,-0.898275007
32,7/22/2018,-1.070014715
77,7/22/2018,-0.71619893
76,7/22/2018,-0.740135972
74,7/22/2018,-0.644425408
72,7/22/2018,-0.602745421
68,7/22/2018,-0.475234796
67,7/22/2018,-0.47350475
69,7/22/2018,-0.516758659
70,7/22/2018,-0.482627745
71,7/22/2018,-0.475694415
73,7/22/2018,-0.690011959
75,7/22/2018,-0.690713206
34,7/22/2018,-0.771156355
36,7/22/2018,-0.822827197
33,7/22/2018,-0.991715526
35,7/22/2018,-0.687492992
15,7/22/2018,-0.483775273
16,7/22/2018,-0.47492311
17,7/22/2018,-0.473054473
18,7/22/2018,-0.472919255
19,7/22/2018,-0.477782102
20,7/22/2018,-0.472919255
21,7/22/2018,-0.473148629
22,7/22/2018,-0.473634088
23,7/22/2018,-0.588118147
66,7/22/2018,-0.472919255
63,7/22/2018,-0.472919255
59,7/22/2018,-0.481202863
56,7/22/2018,-0.632781612
58,7/22/2018,-0.472989155
57,7/22/2018,-0.588810234
60,7/22/2018,-0.472919255
62,7/22/2018,-0.472919255
61,7/22/2018,-0.472919255
65,7/22/2018,-0.472919255
64,7/22/2018,-0.472919255
48,7/22/2018,-0.730508109
47,7/22/2018,-0.552724773
49,7/22/2018,-0.74798639
50,7/22/2018,-0.490647529
52,7/22/2018,-0.484721085
51,7/22/2018,-0.502229003
54,7/22/2018,-0.597727408
53,7/22/2018,-0.601579785
55,7/22/2018,-0.742280618
37,7/22/2018,-0.664304316
40,7/22/2018,-0.664304316
38,7/22/2018,-0.664304316
39,7/22/2018,-0.66201871
41,7/22/2018,-0.63123452
42,7/22/2018,-0.607187037
43,7/22/2018,-0.508596423
45,7/22/2018,-0.601169463
46,7/22/2018,-0.568761588
44,7/22/2018,-0.478304855
11,7/22/2018,-0.514075047
12,7/22/2018,-0.539482911
13,7/22/2018,-0.506955449
14,7/22/2018,-0.608322507
1,7/22/2018,-0.538090506
2,7/22/2018,-0.516784526
3,7/22/2018,-0.528372824
4,7/22/2018,-0.527492338
5,7/22/2018,-0.505404624
6,7/22/2018,-0.515644864
7,7/22/2018,-0.506492407
9,7/22/2018,-0.496092612
10,7/22/2018,-0.524241529
8,7/22/2018,-0.47535147
29,7/23/2018,-1.04338002
28,7/23/2018,-0.854205335
27,7/23/2018,-1.135884505
26,7/23/2018,-1.171208858
25,7/23/2018,-1.17118443
24,7/23/2018,-0.949475579
30,7/23/2018,-1.175031139
31,7/23/2018,-1.359767014
32,7/23/2018,-1.326069968
77,7/23/2018,-0.561392758
76,7/23/2018,-0.776340192
74,7/23/2018,-0.739745517
72,7/23/2018,-0.871907661
68,7/23/2018,-0.438108281
67,7/23/2018,-0.506923321
69,7/23/2018,-0.434855031
70,7/23/2018,-0.508469947
71,7/23/2018,-0.668458267
73,7/23/2018,-0.875243902
75,7/23/2018,-0.565726798
34,7/23/2018,-1.239211468
36,7/23/2018,-1.168131564
33,7/23/2018,-1.27773961
35,7/23/2018,-1.164798431
15,7/23/2018,-0.424776644
16,7/23/2018,-0.514490969
17,7/23/2018,-0.552074463
18,7/23/2018,-0.611170391
19,7/23/2018,-0.727010114
20,7/23/2018,-0.747175302
21,7/23/2018,-0.768638106
22,7/23/2018,-0.768838171
23,7/23/2018,-0.776655367
66,7/23/2018,-0.562243101
63,7/23/2018,-0.593732731
59,7/23/2018,-0.758613849
56,7/23/2018,-0.874970355
58,7/23/2018,-0.818117309
57,7/23/2018,-0.825869759
60,7/23/2018,-0.593970037
62,7/23/2018,-0.593940079
61,7/23/2018,-0.593940079
65,7/23/2018,-0.581311663
64,7/23/2018,-0.591557559
48,7/23/2018,-0.887965824
47,7/23/2018,-0.784999284
49,7/23/2018,-0.956078271
50,7/23/2018,-0.708431646
52,7/23/2018,-0.746186495
51,7/23/2018,-0.771179745
54,7/23/2018,-0.872380393
53,7/23/2018,-0.844834553
55,7/23/2018,-0.819390416
37,7/23/2018,-1.167577966
40,7/23/2018,-1.107678343
38,7/23/2018,-1.166009426
39,7/23/2018,-0.964475872
41,7/23/2018,-0.716497154
42,7/23/2018,-0.745161777
43,7/23/2018,-0.689993769
45,7/23/2018,-0.614169073
46,7/23/2018,-0.623621278
44,7/23/2018,-0.595789023
11,7/23/2018,-0.660919445
12,7/23/2018,-0.708743194
13,7/23/2018,-0.772128657
14,7/23/2018,-0.782216489
1,7/23/2018,-0.406318676
2,7/23/2018,-0.61421448
3,7/23/2018,-0.524327225
4,7/23/2018,-0.42953096
5,7/23/2018,-0.475922844
6,7/23/2018,-0.599985168
7,7/23/2018,-0.613571693
9,7/23/2018,-0.62641065
10,7/23/2018,-0.669527387
8,7/23/2018,-0.631269981
29,7/24/2018,-0.143065364
28,7/24/2018,-0.195256581
27,7/24/2018,0.221823232
26,7/24/2018,0.177615391
25,7/24/2018,0.150563578
24,7/24/2018,0.08312409
30,7/24/2018,-0.349388914
31,7/24/2018,-0.51102709
32,7/24/2018,-1.426131745
77,7/24/2018,-0.698312497
76,7/24/2018,-1.434213474
74,7/24/2018,-1.709762504
72,7/24/2018,-1.708532398
68,7/24/2018,-0.595990839
67,7/24/2018,-0.697191377
69,7/24/2018,-0.940056007
70,7/24/2018,-1.325275943
71,7/24/2018,-1.613058185
73,7/24/2018,-1.709969044
75,7/24/2018,-1.518500068
34,7/24/2018,-1.774422482
36,7/24/2018,-0.282784628
33,7/24/2018,-1.409017659
35,7/24/2018,-1.12355179
15,7/24/2018,-0.720941236
16,7/24/2018,-0.536279146
17,7/24/2018,-0.543063628
18,7/24/2018,-0.47337929
19,7/24/2018,-0.222230726
20,7/24/2018,-0.231765505
21,7/24/2018,-0.182577312
22,7/24/2018,-0.189372149
23,7/24/2018,-0.244021665
66,7/24/2018,-0.543423845
63,7/24/2018,-0.543419719
59,7/24/2018,-1.451414723
56,7/24/2018,-1.709969044
58,7/24/2018,-1.585532302
57,7/24/2018,-1.709969044
60,7/24/2018,-0.999730561
62,7/24/2018,-0.543645409
61,7/24/2018,-0.543419719
65,7/24/2018,-0.555701823
64,7/24/2018,-0.553900176
48,7/24/2018,-1.749417503
47,7/24/2018,-1.571943327
49,7/24/2018,-1.69506001
50,7/24/2018,-1.269069175
52,7/24/2018,-1.42148751
51,7/24/2018,-1.415170736
54,7/24/2018,-1.709969044
53,7/24/2018,-1.709969044
55,7/24/2018,-1.673937834
37,7/24/2018,-0.139888743
40,7/24/2018,0.029143905
38,7/24/2018,-0.512207014
39,7/24/2018,-0.503599605
41,7/24/2018,-0.185824817
42,7/24/2018,-0.120945799
43,7/24/2018,-0.25660117
45,7/24/2018,-0.4868479
46,7/24/2018,-0.64148977
44,7/24/2018,-0.575830374
11,7/24/2018,-1.009406695
12,7/24/2018,-1.102022511
13,7/24/2018,-0.462594892
14,7/24/2018,-0.796178783
1,7/24/2018,-1.053850423
2,7/24/2018,-0.980877243
3,7/24/2018,-0.963203882
4,7/24/2018,-0.947286205
5,7/24/2018,-0.842826959
6,7/24/2018,-0.907098145
7,7/24/2018,-0.987078819
9,7/24/2018,-0.713968595
10,7/24/2018,-0.781976287
8,7/24/2018,-0.424786882
29,7/25/2018,-1.0509667
28,7/25/2018,-1.081209872
27,7/25/2018,-1.027686708
26,7/25/2018,-0.964021146
25,7/25/2018,-0.972056647
24,7/25/2018,-1.005537094
30,7/25/2018,-0.964071329
31,7/25/2018,-1.035719216
32,7/25/2018,-1.100856865
77,7/25/2018,-0.766169705
76,7/25/2018,0.012909466
74,7/25/2018,-0.118507295
72,7/25/2018,-0.132552787
68,7/25/2018,-0.833174984
67,7/25/2018,-0.798692476
69,7/25/2018,-0.864338833
70,7/25/2018,-0.589262554
71,7/25/2018,-0.411911224
73,7/25/2018,-0.11424154
75,7/25/2018,-0.51867828
34,7/25/2018,-0.20908797
36,7/25/2018,-1.010849988
33,7/25/2018,-1.129301311
35,7/25/2018,-0.716163419
15,7/25/2018,-0.859727351
16,7/25/2018,-0.824774793
17,7/25/2018,-0.802291106
18,7/25/2018,-0.784377364
19,7/25/2018,-0.909313268
20,7/25/2018,-0.78766703
21,7/25/2018,-0.944487954
22,7/25/2018,-0.872646732
23,7/25/2018,-1.072330638
66,7/25/2018,-0.788560982
63,7/25/2018,-0.783280194
59,7/25/2018,-0.492205932
56,7/25/2018,-0.11424154
58,7/25/2018,-0.375178774
57,7/25/2018,-0.11424154
60,7/25/2018,-0.694406175
62,7/25/2018,-0.783280194
61,7/25/2018,-0.783280194
65,7/25/2018,-0.783280194
64,7/25/2018,-0.783280194
48,7/25/2018,-0.102681631
47,7/25/2018,-0.452769706
49,7/25/2018,-0.043359567
50,7/25/2018,-0.528361809
52,7/25/2018,-0.448704989
51,7/25/2018,-0.437083137
54,7/25/2018,-0.114888239
53,7/25/2018,-0.130528608
55,7/25/2018,-0.114248565
37,7/25/2018,-1.019560821
40,7/25/2018,-0.967996592
38,7/25/2018,-1.022439003
39,7/25/2018,-0.949158413
41,7/25/2018,-0.79502029
42,7/25/2018,-0.840557484
43,7/25/2018,-0.831299964
45,7/25/2018,-0.783426837
46,7/25/2018,-0.788730886
44,7/25/2018,-0.781478363
11,7/25/2018,-1.01787072
12,7/25/2018,-1.0470174
13,7/25/2018,-1.073314476
14,7/25/2018,-1.083318753
1,7/25/2018,-0.984904446
2,7/25/2018,-0.94866435
3,7/25/2018,-0.866608189
4,7/25/2018,-0.866606236
5,7/25/2018,-0.866589952
6,7/25/2018,-0.87053973
7,7/25/2018,-0.985089025
9,7/25/2018,-1.003249157
10,7/25/2018,-1.010969643
8,7/25/2018,-0.862264197
29,7/26/2018,-1.229298504
28,7/26/2018,-1.230674028
27,7/26/2018,-1.230674028
26,7/26/2018,-1.225590056
25,7/26/2018,-1.223505484
24,7/26/2018,-1.230674028
30,7/26/2018,-1.219318986
31,7/26/2018,-1.214492523
32,7/26/2018,-1.214544485
77,7/26/2018,-1.169019463
76,7/26/2018,-1.188681377
74,7/26/2018,-1.178341225
72,7/26/2018,-1.197330122
68,7/26/2018,-1.168802142
67,7/26/2018,-1.169266586
69,7/26/2018,-1.16880248
70,7/26/2018,-1.170872048
71,7/26/2018,-1.182233588
73,7/26/2018,-1.19652035
75,7/26/2018,-1.170088611
34,7/26/2018,-1.124254093
36,7/26/2018,-1.21923403
33,7/26/2018,-1.156034121
35,7/26/2018,-1.148139393
15,7/26/2018,-1.171963666
16,7/26/2018,-1.210275862
17,7/26/2018,-1.18827471
18,7/26/2018,-1.219015367
19,7/26/2018,-1.237710927
20,7/26/2018,-1.232627646
21,7/26/2018,-1.233279436
22,7/26/2018,-1.230845795
23,7/26/2018,-1.230723938
66,7/26/2018,-1.16991972
63,7/26/2018,-1.194063281
59,7/26/2018,-1.198377252
56,7/26/2018,-1.198377252
58,7/26/2018,-1.19823401
57,7/26/2018,-1.198226187
60,7/26/2018,-1.198377252
62,7/26/2018,-1.195811133
61,7/26/2018,-1.198043203
65,7/26/2018,-1.17661956
64,7/26/2018,-1.177818063
48,7/26/2018,-1.196853414
47,7/26/2018,-1.198377252
49,7/26/2018,-1.188202606
50,7/26/2018,-1.198377252
52,7/26/2018,-1.198377252
51,7/26/2018,-1.198377252
54,7/26/2018,-1.198377252
53,7/26/2018,-1.198377252
55,7/26/2018,-1.197061936
37,7/26/2018,-1.221295543
40,7/26/2018,-1.229743884
38,7/26/2018,-1.198521982
39,7/26/2018,-1.21340579
41,7/26/2018,-1.230673586
42,7/26/2018,-1.230674028
43,7/26/2018,-1.230674028
45,7/26/2018,-1.218320098
46,7/26/2018,-1.198584694
44,7/26/2018,-1.206531329
11,7/26/2018,-1.239997287
12,7/26/2018,-1.237884856
13,7/26/2018,-1.237076563
14,7/26/2018,-1.231949288
1,7/26/2018,-1.249591489
2,7/26/2018,-1.260002224
3,7/26/2018,-1.246374709
4,7/26/2018,-1.184844336
5,7/26/2018,-1.227327955
6,7/26/2018,-1.238230628
7,7/26/2018,-1.238246469
9,7/26/2018,-1.238233328
10,7/26/2018,-1.238233328
8,7/26/2018,-1.238056406
29,7/27/2018,0.353463345
28,7/27/2018,0.356223766
27,7/27/2018,0.349279451
26,7/27/2018,0.343258221
25,7/27/2018,0.298035888
24,7/27/2018,0.298771553
30,7/27/2018,0.338623636
31,7/27/2018,0.358315978
32,7/27/2018,0.365749472
77,7/27/2018,0.203623383
76,7/27/2018,0.219995632
74,7/27/2018,0.237961507
72,7/27/2018,0.246503189
68,7/27/2018,0.227202911
67,7/27/2018,0.237692381
69,7/27/2018,0.222020214
70,7/27/2018,0.230773066
71,7/27/2018,0.2388783
73,7/27/2018,0.246503189
75,7/27/2018,0.222819375
34,7/27/2018,0.348813674
36,7/27/2018,0.288085863
33,7/27/2018,0.338308753
35,7/27/2018,0.275253649
15,7/27/2018,0.222603429
16,7/27/2018,0.23817651
17,7/27/2018,0.244536256
18,7/27/2018,0.24651351
19,7/27/2018,0.302014806
20,7/27/2018,0.247498838
21,7/27/2018,0.283495532
22,7/27/2018,0.261807254
23,7/27/2018,0.352745517
66,7/27/2018,0.246503189
63,7/27/2018,0.246503189
59,7/27/2018,0.246503189
56,7/27/2018,0.246503189
58,7/27/2018,0.246503189
57,7/27/2018,0.246503189
60,7/27/2018,0.246503189
62,7/27/2018,0.246503189
61,7/27/2018,0.246503189
65,7/27/2018,0.246503189
64,7/27/2018,0.246503189
48,7/27/2018,0.249163087
47,7/27/2018,0.246503189
49,7/27/2018,0.27166062
50,7/27/2018,0.246503189
52,7/27/2018,0.246503189
51,7/27/2018,0.246503189
54,7/27/2018,0.246503189
53,7/27/2018,0.246503189
55,7/27/2018,0.241269523
37,7/27/2018,0.277200699
40,7/27/2018,0.276252537
38,7/27/2018,0.277200699
39,7/27/2018,0.272330486
41,7/27/2018,0.257578809
42,7/27/2018,0.256258051
43,7/27/2018,0.253870978
45,7/27/2018,0.250338334
46,7/27/2018,0.249344657
44,7/27/2018,0.246503189
11,7/27/2018,0.33861131
12,7/27/2018,0.367142807
13,7/27/2018,0.370179367
14,7/27/2018,0.370349391
1,7/27/2018,0.233952724
2,7/27/2018,0.288806582
3,7/27/2018,0.22189113
4,7/27/2018,0.221818278
5,7/27/2018,0.222606052
6,7/27/2018,0.231100646
7,7/27/2018,0.294687522
9,7/27/2018,0.339142086
10,7/27/2018,0.359698057
8,7/27/2018,0.262717726
29,7/28/2018,0.7340925
28,7/28/2018,0.738567658
27,7/28/2018,0.666125212
26,7/28/2018,0.638898253
25,7/28/2018,0.665345801
24,7/28/2018,0.695881278
30,7/28/2018,0.638367816
31,7/28/2018,0.465476702
32,7/28/2018,0.69874274
77,7/28/2018,-0.05944422
76,7/28/2018,-0.053087198
74,7/28/2018,0.160263048
72,7/28/2018,0.40834733
68,7/28/2018,0.544463353
67,7/28/2018,0.537753649
69,7/28/2018,0.522234487
70,7/28/2018,0.464075225
71,7/28/2018,0.274463649
73,7/28/2018,0.451893983
75,7/28/2018,-0.031771779
34,7/28/2018,0.744137822
36,7/28/2018,0.825347703
33,7/28/2018,0.7547227
35,7/28/2018,0.788309416
15,7/28/2018,0.545137761
16,7/28/2018,0.512684218
17,7/28/2018,0.488735408
18,7/28/2018,0.454938116
19,7/28/2018,0.667494693
20,7/28/2018,0.502205653
21,7/28/2018,0.735934968
22,7/28/2018,0.631751582
23,7/28/2018,0.744826684
66,7/28/2018,0.50596108
63,7/28/2018,0.447939134
59,7/28/2018,0.556627583
56,7/28/2018,0.729609481
58,7/28/2018,0.627180934
57,7/28/2018,0.646454079
60,7/28/2018,0.448674884
62,7/28/2018,0.447865963
61,7/28/2018,0.447865963
65,7/28/2018,0.500615454
64,7/28/2018,0.447865963
48,7/28/2018,0.710821477
47,7/28/2018,0.631233247
49,7/28/2018,0.614985906
50,7/28/2018,0.537593498
52,7/28/2018,0.568392006
51,7/28/2018,0.590633315
54,7/28/2018,0.724409599
53,7/28/2018,0.693893798
55,7/28/2018,0.439308988
37,7/28/2018,0.850401586
40,7/28/2018,0.731650685
38,7/28/2018,0.860357642
39,7/28/2018,0.632092761
41,7/28/2018,0.450502067
42,7/28/2018,0.594755661
43,7/28/2018,0.520008512
45,7/28/2018,0.447865963
46,7/28/2018,0.449544972
44,7/28/2018,0.447865963
11,7/28/2018,0.763604362
12,7/28/2018,0.862683597
13,7/28/2018,0.747340463
14,7/28/2018,0.802554461
1,7/28/2018,0.673590443
2,7/28/2018,0.753590075
3,7/28/2018,0.587990713
4,7/28/2018,0.547570036
5,7/28/2018,0.558598474
6,7/28/2018,0.655408938
7,7/28/2018,0.762212599
9,7/28/2018,0.762233317
10,7/28/2018,0.75836991
8,7/28/2018,0.631854723
29,7/29/2018,0.960454776
28,7/29/2018,0.974562811
27,7/29/2018,0.973902537
26,7/29/2018,0.888684857
25,7/29/2018,0.768300886
24,7/29/2018,0.911893963
30,7/29/2018,0.61395957
31,7/29/2018,0.616680883
32,7/29/2018,0.685306175
77,7/29/2018,0.431625862
76,7/29/2018,0.433080183
74,7/29/2018,0.761919703
72,7/29/2018,0.812182679
68,7/29/2018,0.777797492
67,7/29/2018,0.827253403
69,7/29/2018,0.817508877
70,7/29/2018,0.833983421
71,7/29/2018,0.833981943
73,7/29/2018,0.759777149
75,7/29/2018,0.711583728
34,7/29/2018,0.271007743
36,7/29/2018,0.700318145
33,7/29/2018,0.577769213
35,7/29/2018,0.529234344
15,7/29/2018,0.727007942
16,7/29/2018,0.700797081
17,7/29/2018,0.708895317
18,7/29/2018,0.698939376
19,7/29/2018,0.701825036
20,7/29/2018,0.7008118
21,7/29/2018,0.767721661
22,7/29/2018,0.775273519
23,7/29/2018,0.956402377
66,7/29/2018,0.751644513
63,7/29/2018,0.747582236
59,7/29/2018,0.833855228
56,7/29/2018,0.789417124
58,7/29/2018,0.833909556
57,7/29/2018,0.831232264
60,7/29/2018,0.833983421
62,7/29/2018,0.804203442
61,7/29/2018,0.812673321
65,7/29/2018,0.831108094
64,7/29/2018,0.831304873
48,7/29/2018,0.390667299
47,7/29/2018,0.564243301
49,7/29/2018,0.209516773
50,7/29/2018,0.572165155
52,7/29/2018,0.773010225
51,7/29/2018,0.581351603
54,7/29/2018,0.796832815
53,7/29/2018,0.708641773
55,7/29/2018,0.587905981
37,7/29/2018,0.704547199
40,7/29/2018,0.702404639
38,7/29/2018,0.687207082
39,7/29/2018,0.672508117
41,7/29/2018,0.689190447
42,7/29/2018,0.779779818
43,7/29/2018,0.724919322
45,7/29/2018,0.688876763
46,7/29/2018,0.584776062
44,7/29/2018,0.673252865
11,7/29/2018,0.623840327
12,7/29/2018,0.614649999
13,7/29/2018,0.7080824
14,7/29/2018,0.961794062
1,7/29/2018,0.731761514
2,7/29/2018,0.712657825
3,7/29/2018,0.739369426
4,7/29/2018,0.728588668
5,7/29/2018,0.700873662
6,7/29/2018,0.707753798
7,7/29/2018,0.702572022
9,7/29/2018,0.702654115
10,7/29/2018,0.686146472
8,7/29/2018,0.701397512
29,7/30/2018,-0.752602879
28,7/30/2018,-0.822203636
27,7/30/2018,-0.773724568
26,7/30/2018,-0.645968162
25,7/30/2018,-0.614149048
24,7/30/2018,-0.533876885
30,7/30/2018,-0.622590165
31,7/30/2018,-0.587792271
32,7/30/2018,-0.592265718
77,7/30/2018,-0.833538368
76,7/30/2018,-0.690658079
74,7/30/2018,-0.682661574
72,7/30/2018,-0.639115047
68,7/30/2018,-0.754350627
67,7/30/2018,-0.745041408
69,7/30/2018,-0.750226826
70,7/30/2018,-0.734581695
71,7/30/2018,-0.678695814
73,7/30/2018,-0.630492553
75,7/30/2018,-0.742344886
34,7/30/2018,-0.584730496
36,7/30/2018,-0.621822903
33,7/30/2018,-0.569384055
35,7/30/2018,-0.610490974
15,7/30/2018,-0.781100892
16,7/30/2018,-0.770597322
17,7/30/2018,-0.701135943
18,7/30/2018,-0.454764985
19,7/30/2018,-0.699136
20,7/30/2018,-0.485972956
21,7/30/2018,-0.508454851
22,7/30/2018,-0.462323808
23,7/30/2018,-0.744911902
66,7/30/2018,-0.693004034
63,7/30/2018,-0.518666257
59,7/30/2018,-0.619537473
56,7/30/2018,-0.619537473
58,7/30/2018,-0.619537473
57,7/30/2018,-0.619537473
60,7/30/2018,-0.619922344
62,7/30/2018,-0.55690097
61,7/30/2018,-0.614247931
65,7/30/2018,-0.657495479
64,7/30/2018,-0.625976304
48,7/30/2018,-0.624411854
47,7/30/2018,-0.619537473
49,7/30/2018,-0.688853095
50,7/30/2018,-0.619408842
52,7/30/2018,-0.619537473
51,7/30/2018,-0.619537473
54,7/30/2018,-0.619537473
53,7/30/2018,-0.619537473
55,7/30/2018,-0.662810515
37,7/30/2018,-0.618775394
40,7/30/2018,-0.498922828
38,7/30/2018,-0.611809926
39,7/30/2018,-0.488848285
41,7/30/2018,-0.449821115
42,7/30/2018,-0.449988201
43,7/30/2018,-0.449821115
45,7/30/2018,-0.450751655
46,7/30/2018,-0.5751784
44,7/30/2018,-0.518687592
11,7/30/2018,-0.756310311
12,7/30/2018,-0.765875313
13,7/30/2018,-0.75754843
14,7/30/2018,-0.808069283
1,7/30/2018,-0.609935624
2,7/30/2018,-0.752343981
3,7/30/2018,-0.745936946
4,7/30/2018,-0.768803286
5,7/30/2018,-0.790495455
6,7/30/2018,-0.790495455
7,7/30/2018,-0.771879032
9,7/30/2018,-0.769029412
10,7/30/2018,-0.754788914
8,7/30/2018,-0.779960411
29,7/31/2018,0.378115937
28,7/31/2018,0.467084885
27,7/31/2018,0.456592691
26,7/31/2018,0.195238512
25,7/31/2018,0.192982698
24,7/31/2018,0.466406271
30,7/31/2018,0.12951161
31,7/31/2018,0.113347635
32,7/31/2018,0.111052564
77,7/31/2018,0.037011972
76,7/31/2018,0.256590237
74,7/31/2018,0.43112379
72,7/31/2018,0.497539077
68,7/31/2018,0.098340398
67,7/31/2018,0.17305081
69,7/31/2018,0.095185533
70,7/31/2018,0.198767814
71,7/31/2018,0.362437283
73,7/31/2018,0.497679055
75,7/31/2018,0.142024477
34,7/31/2018,0.143883543
36,7/31/2018,0.131272978
33,7/31/2018,0.110924522
35,7/31/2018,0.215626269
15,7/31/2018,0.096512141
16,7/31/2018,0.215424836
17,7/31/2018,0.260123529
18,7/31/2018,0.484380888
19,7/31/2018,0.334910947
20,7/31/2018,0.461767033
21,7/31/2018,0.455458983
22,7/31/2018,0.467084885
23,7/31/2018,0.467084885
66,7/31/2018,0.197424166
63,7/31/2018,0.48536645
59,7/31/2018,0.497679055
56,7/31/2018,0.497679055
58,7/31/2018,0.497679055
57,7/31/2018,0.497679055
60,7/31/2018,0.497679055
62,7/31/2018,0.496533839
61,7/31/2018,0.497679055
65,7/31/2018,0.295930418
64,7/31/2018,0.487194786
48,7/31/2018,0.451273732
47,7/31/2018,0.497679055
49,7/31/2018,0.400808056
50,7/31/2018,0.497679055
52,7/31/2018,0.497679055
51,7/31/2018,0.497679055
54,7/31/2018,0.497679055
53,7/31/2018,0.497679055
55,7/31/2018,0.493273595
37,7/31/2018,0.135934427
40,7/31/2018,0.363687005
38,7/31/2018,0.159460041
39,7/31/2018,0.413773763
41,7/31/2018,0.467085939
42,7/31/2018,0.467084908
43,7/31/2018,0.467748033
45,7/31/2018,0.484340778
46,7/31/2018,0.497679055
44,7/31/2018,0.493728134
11,7/31/2018,0.297793867
12,7/31/2018,0.270099213
13,7/31/2018,0.380526751
14,7/31/2018,0.463616012
1,7/31/2018,-0.150359252
2,7/31/2018,0.233832604
3,7/31/2018,0.17651878
4,7/31/2018,0.088295058
5,7/31/2018,0.218351305
6,7/31/2018,0.288108294
7,7/31/2018,0.297590137
9,7/31/2018,0.297590137
10,7/31/2018,0.297590137
8,7/31/2018,0.29033496
29,8/1/2018,1.017128204
28,8/1/2018,1.033237547
27,8/1/2018,1.034807771
26,8/1/2018,1.028423675
25,8/1/2018,1.011814889
24,8/1/2018,1.001652606
30,8/1/2018,1.009891957
31,8/1/2018,0.994600011
32,8/1/2018,0.957634806
77,8/1/2018,0.715451815
76,8/1/2018,0.740072905
74,8/1/2018,0.843543983
72,8/1/2018,0.848488959
68,8/1/2018,0.827343583
67,8/1/2018,0.827379145
69,8/1/2018,0.827343583
70,8/1/2018,0.829300215
71,8/1/2018,0.840027715
73,8/1/2018,0.85125414
75,8/1/2018,0.817947267
34,8/1/2018,0.858199805
36,8/1/2018,0.950444586
33,8/1/2018,0.922665945
35,8/1/2018,0.909501919
15,8/1/2018,0.827343583
16,8/1/2018,0.827874202
17,8/1/2018,0.829519562
18,8/1/2018,0.873998442
19,8/1/2018,0.869641553
20,8/1/2018,0.857300122
21,8/1/2018,0.915778608
22,8/1/2018,0.914263082
23,8/1/2018,1.028122836
66,8/1/2018,0.831536302
63,8/1/2018,0.850095474
59,8/1/2018,0.854271277
56,8/1/2018,0.852498304
58,8/1/2018,0.851560757
57,8/1/2018,0.85179711
60,8/1/2018,0.853723676
62,8/1/2018,0.849591786
61,8/1/2018,0.851021052
65,8/1/2018,0.836570302
64,8/1/2018,0.846057914
48,8/1/2018,0.877925656
47,8/1/2018,0.883010983
49,8/1/2018,0.792752818
50,8/1/2018,0.883010983
52,8/1/2018,0.854351511
51,8/1/2018,0.87865375
54,8/1/2018,0.854389686
53,8/1/2018,0.855198124
55,8/1/2018,0.809832339
37,8/1/2018,0.929126358
40,8/1/2018,0.896321341
38,8/1/2018,0.911767255
39,8/1/2018,0.886595681
41,8/1/2018,0.883014356
42,8/1/2018,0.907349681
43,8/1/2018,0.891216183
45,8/1/2018,0.883010983
46,8/1/2018,0.883011206
44,8/1/2018,0.879571795
11,8/1/2018,0.944464783
12,8/1/2018,0.931267996
13,8/1/2018,0.97801604
14,8/1/2018,1.010235681
1,8/1/2018,0.723190168
2,8/1/2018,0.809947636
3,8/1/2018,0.77045291
4,8/1/2018,0.798950441
5,8/1/2018,0.827343583
6,8/1/2018,0.827341293
7,8/1/2018,0.897054739
9,8/1/2018,0.925262009
10,8/1/2018,0.955775276
8,8/1/2018,0.828693078
29,8/2/2018,0.645770134
28,8/2/2018,0.693468263
27,8/2/2018,0.687350891
26,8/2/2018,0.645132934
25,8/2/2018,0.665426607
24,8/2/2018,0.715436635
30,8/2/2018,0.656709558
31,8/2/2018,0.562796232
32,8/2/2018,0.645556671
77,8/2/2018,0.323115601
76,8/2/2018,0.409080269
74,8/2/2018,0.358571559
72,8/2/2018,0.358571559
68,8/2/2018,0.656468809
67,8/2/2018,0.569508304
69,8/2/2018,0.562996083
70,8/2/2018,0.408790567
71,8/2/2018,0.382354096
73,8/2/2018,0.358571559
75,8/2/2018,0.358571559
34,8/2/2018,0.440600311
36,8/2/2018,0.660427332
33,8/2/2018,0.570141111
35,8/2/2018,0.504202167
15,8/2/2018,0.656468809
16,8/2/2018,0.658938487
17,8/2/2018,0.661714819
18,8/2/2018,0.709586822
19,8/2/2018,0.664479059
20,8/2/2018,0.70782262
21,8/2/2018,0.714249973
22,8/2/2018,0.715452194
23,8/2/2018,0.709695173
66,8/2/2018,0.656468809
63,8/2/2018,0.676827237
59,8/2/2018,0.40042318
56,8/2/2018,0.39564016
58,8/2/2018,0.37952341
57,8/2/2018,0.377442291
60,8/2/2018,0.540927106
62,8/2/2018,0.67211013
61,8/2/2018,0.604879008
65,8/2/2018,0.536481387
64,8/2/2018,0.550602831
48,8/2/2018,0.430056661
47,8/2/2018,0.443676347
49,8/2/2018,0.449562699
50,8/2/2018,0.446192048
52,8/2/2018,0.410959091
51,8/2/2018,0.430252323
54,8/2/2018,0.405018817
53,8/2/2018,0.418830336
55,8/2/2018,0.373178706
37,8/2/2018,0.662095388
40,8/2/2018,0.703416926
38,8/2/2018,0.676034802
39,8/2/2018,0.712455916
41,8/2/2018,0.715452194
42,8/2/2018,0.715452194
43,8/2/2018,0.715452194
45,8/2/2018,0.715452194
46,8/2/2018,0.609945659
44,8/2/2018,0.695841875
11,8/2/2018,0.635067702
12,8/2/2018,0.661677003
13,8/2/2018,0.690537483
14,8/2/2018,0.69229327
1,8/2/2018,0.352811618
2,8/2/2018,0.600945361
3,8/2/2018,0.546976632
4,8/2/2018,0.576046817
5,8/2/2018,0.656468809
6,8/2/2018,0.656468809
7,8/2/2018,0.645886847
9,8/2/2018,0.647641962
10,8/2/2018,0.630513337
8,8/2/2018,0.657419176
29,8/3/2018,-0.209016739
28,8/3/2018,-0.348230948
27,8/3/2018,-0.150238598
26,8/3/2018,-0.162544597
25,8/3/2018,-0.183718379
24,8/3/2018,-0.277557795
30,8/3/2018,-0.141510005
31,8/3/2018,-0.03481599
32,8/3/2018,-0.033993873
77,8/3/2018,-0.599306258
76,8/3/2018,-0.545864532
74,8/3/2018,-0.554205511
72,8/3/2018,-0.556766921
68,8/3/2018,-0.563985269
67,8/3/2018,-0.578126697
69,8/3/2018,-0.529139287
70,8/3/2018,-0.577745216
71,8/3/2018,-0.574011303
73,8/3/2018,-0.552643061
75,8/3/2018,-0.608339375
34,8/3/2018,-0.242571735
36,8/3/2018,-0.225020429
33,8/3/2018,-0.181792767
35,8/3/2018,-0.384769403
15,8/3/2018,-0.53958437
16,8/3/2018,-0.537047271
17,8/3/2018,-0.577896526
18,8/3/2018,-0.570333207
19,8/3/2018,-0.541145328
20,8/3/2018,-0.544827964
21,8/3/2018,-0.54377915
22,8/3/2018,-0.543776274
23,8/3/2018,-0.5046599
66,8/3/2018,-0.586619496
63,8/3/2018,-0.586543565
59,8/3/2018,-0.572910092
56,8/3/2018,-0.552711038
58,8/3/2018,-0.566995425
57,8/3/2018,-0.564912705
60,8/3/2018,-0.586601579
62,8/3/2018,-0.586619496
61,8/3/2018,-0.586619496
65,8/3/2018,-0.586619496
64,8/3/2018,-0.586619496
48,8/3/2018,-0.45967794
47,8/3/2018,-0.544030715
49,8/3/2018,-0.469828025
50,8/3/2018,-0.578078271
52,8/3/2018,-0.575341858
51,8/3/2018,-0.570323202
54,8/3/2018,-0.55334133
53,8/3/2018,-0.558274339
55,8/3/2018,-0.552544737
37,8/3/2018,-0.255396494
40,8/3/2018,-0.199997336
38,8/3/2018,-0.391378164
39,8/3/2018,-0.386931172
41,8/3/2018,-0.42427892
42,8/3/2018,-0.496231123
43,8/3/2018,-0.544049865
45,8/3/2018,-0.543765221
46,8/3/2018,-0.544235092
44,8/3/2018,-0.583581468
11,8/3/2018,-0.451819173
12,8/3/2018,-0.477149454
13,8/3/2018,-0.544599382
14,8/3/2018,-0.538010821
1,8/3/2018,-0.384224427
2,8/3/2018,-0.30455337
3,8/3/2018,-0.298809117
4,8/3/2018,-0.48792607
5,8/3/2018,-0.357884668
6,8/3/2018,-0.296609406
7,8/3/2018,-0.319345939
9,8/3/2018,-0.403363118
10,8/3/2018,-0.482706274
8,8/3/2018,-0.484185472
29,8/4/2018,-0.708873978
28,8/4/2018,-0.634127376
27,8/4/2018,-0.573766853
26,8/4/2018,-0.573143578
25,8/4/2018,-0.536842932
24,8/4/2018,-0.540494606
30,8/4/2018,-0.459084137
31,8/4/2018,-0.429146746
32,8/4/2018,-0.21535174
77,8/4/2018,-0.981576196
76,8/4/2018,-0.926265037
74,8/4/2018,-0.854812412
72,8/4/2018,-0.80019398
68,8/4/2018,-0.798691072
67,8/4/2018,-0.795755083
69,8/4/2018,-0.844031766
70,8/4/2018,-0.795360487
71,8/4/2018,-0.79561093
73,8/4/2018,-0.865469213
75,8/4/2018,-0.889120253
34,8/4/2018,-0.407887297
36,8/4/2018,-0.388117918
33,8/4/2018,-0.194909883
35,8/4/2018,-0.577173925
15,8/4/2018,-0.823388006
16,8/4/2018,-0.845885536
17,8/4/2018,-0.832534803
18,8/4/2018,-0.841839399
19,8/4/2018,-0.851216015
20,8/4/2018,-0.844968057
21,8/4/2018,-0.849817039
22,8/4/2018,-0.845725978
23,8/4/2018,-0.773110739
66,8/4/2018,-0.80905006
63,8/4/2018,-0.816754247
59,8/4/2018,-0.795242071
56,8/4/2018,-0.812838868
58,8/4/2018,-0.795242071
57,8/4/2018,-0.796023806
60,8/4/2018,-0.795242071
62,8/4/2018,-0.796941331
61,8/4/2018,-0.795582103
65,8/4/2018,-0.795242071
64,8/4/2018,-0.795242071
48,8/4/2018,-0.612399225
47,8/4/2018,-0.609991075
49,8/4/2018,-0.684404601
50,8/4/2018,-0.736724545
52,8/4/2018,-0.795242265
51,8/4/2018,-0.795285811
54,8/4/2018,-0.807541681
53,8/4/2018,-0.797731566
55,8/4/2018,-0.946109488
37,8/4/2018,-0.509499695
40,8/4/2018,-0.50954812
38,8/4/2018,-0.517421229
39,8/4/2018,-0.525313429
41,8/4/2018,-0.545292916
42,8/4/2018,-0.605008671
43,8/4/2018,-0.811284029
45,8/4/2018,-0.558845028
46,8/4/2018,-0.599036689
44,8/4/2018,-0.779094288
11,8/4/2018,-0.919228759
12,8/4/2018,-0.910917699
13,8/4/2018,-0.865166546
14,8/4/2018,-0.87702221
1,8/4/2018,-1.022511531
2,8/4/2018,-0.990500484
3,8/4/2018,-1.00119788
4,8/4/2018,-0.990981833
5,8/4/2018,-0.917203092
6,8/4/2018,-0.963694292
7,8/4/2018,-0.966600848
9,8/4/2018,-0.866906179
10,8/4/2018,-0.879229687
8,8/4/2018,-0.854571685
29,8/5/2018,-1.272717051
28,8/5/2018,-1.283427386
27,8/5/2018,-1.303858728
26,8/5/2018,-1.305610538
25,8/5/2018,-1.305610538
24,8/5/2018,-1.298313575
30,8/5/2018,-1.307568733
31,8/5/2018,-1.324231354
32,8/5/2018,-1.345231354
77,8/5/2018,-1.197509607
76,8/5/2018,-1.222483203
74,8/5/2018,-1.280787468
72,8/5/2018,-1.280787468
68,8/5/2018,-1.278990642
67,8/5/2018,-1.280733441
69,8/5/2018,-1.239854603
70,8/5/2018,-1.279649377
71,8/5/2018,-1.280787468
73,8/5/2018,-1.280787468
75,8/5/2018,-1.280597185
34,8/5/2018,-1.329486075
36,8/5/2018,-1.309716776
33,8/5/2018,-1.347631384
35,8/5/2018,-1.332009779
15,8/5/2018,-1.257199357
16,8/5/2018,-1.276108786
17,8/5/2018,-1.281069298
18,8/5/2018,-1.281939242
19,8/5/2018,-1.281948354
20,8/5/2018,-1.282510161
21,8/5/2018,-1.282510161
22,8/5/2018,-1.282510161
23,8/5/2018,-1.283455233
66,8/5/2018,-1.280798298
63,8/5/2018,-1.28095833
59,8/5/2018,-1.280787468
56,8/5/2018,-1.280787468
58,8/5/2018,-1.280787468
57,8/5/2018,-1.280787468
60,8/5/2018,-1.280787468
62,8/5/2018,-1.280787468
61,8/5/2018,-1.280787468
65,8/5/2018,-1.280787468
64,8/5/2018,-1.280787468
48,8/5/2018,-1.330171476
47,8/5/2018,-1.312181126
49,8/5/2018,-1.28451316
50,8/5/2018,-1.281397179
52,8/5/2018,-1.280787468
51,8/5/2018,-1.280787468
54,8/5/2018,-1.280787468
53,8/5/2018,-1.280787468
55,8/5/2018,-1.28023987
37,8/5/2018,-1.305953558
40,8/5/2018,-1.305581746
38,8/5/2018,-1.315075607
39,8/5/2018,-1.318791356
41,8/5/2018,-1.29073284
42,8/5/2018,-1.283210637
43,8/5/2018,-1.282509264
45,8/5/2018,-1.294416539
46,8/5/2018,-1.311511028
44,8/5/2018,-1.281405713
11,8/5/2018,-1.260495689
12,8/5/2018,-1.240559239
13,8/5/2018,-1.282188305
14,8/5/2018,-1.26414342
1,8/5/2018,-1.231684529
2,8/5/2018,-1.252686739
3,8/5/2018,-1.248562456
4,8/5/2018,-1.215671732
5,8/5/2018,-1.252171801
6,8/5/2018,-1.254024607
7,8/5/2018,-1.252717378
9,8/5/2018,-1.254742844
10,8/5/2018,-1.263988981
8,8/5/2018,-1.272600811
29,8/6/2018,-0.648220081
28,8/6/2018,-0.581579247
27,8/6/2018,-0.703847124
26,8/6/2018,-0.747121892
25,8/6/2018,-0.746495241
24,8/6/2018,-0.666678597
30,8/6/2018,-0.752512366
31,8/6/2018,-0.838636175
32,8/6/2018,-0.891346515
77,8/6/2018,-0.275761317
76,8/6/2018,-0.384971651
74,8/6/2018,-0.339841686
72,8/6/2018,-0.339841686
68,8/6/2018,-0.34082947
67,8/6/2018,-0.33989401
69,8/6/2018,-0.33838162
70,8/6/2018,-0.337242575
71,8/6/2018,-0.339808565
73,8/6/2018,-0.339841686
75,8/6/2018,-0.310010753
34,8/6/2018,-0.781542511
36,8/6/2018,-0.720806101
33,8/6/2018,-0.883149339
35,8/6/2018,-0.639198771
15,8/6/2018,-0.378815436
16,8/6/2018,-0.460207663
17,8/6/2018,-0.347708945
18,8/6/2018,-0.398885368
19,8/6/2018,-0.59846581
20,8/6/2018,-0.577998789
21,8/6/2018,-0.605069809
22,8/6/2018,-0.593895672
23,8/6/2018,-0.586084556
66,8/6/2018,-0.339841686
63,8/6/2018,-0.339841686
59,8/6/2018,-0.339841686
56,8/6/2018,-0.339841686
58,8/6/2018,-0.339841686
57,8/6/2018,-0.339841686
60,8/6/2018,-0.339841686
62,8/6/2018,-0.339841686
61,8/6/2018,-0.339841686
65,8/6/2018,-0.339841686
64,8/6/2018,-0.339841686
48,8/6/2018,-0.614762453
47,8/6/2018,-0.522829552
49,8/6/2018,-0.553483823
50,8/6/2018,-0.359420272
52,8/6/2018,-0.339841686
51,8/6/2018,-0.339841686
54,8/6/2018,-0.339841686
53,8/6/2018,-0.339841686
55,8/6/2018,-0.339841753
37,8/6/2018,-0.671162808
40,8/6/2018,-0.702007942
38,8/6/2018,-0.639005877
39,8/6/2018,-0.634471449
41,8/6/2018,-0.546676769
42,8/6/2018,-0.579865675
43,8/6/2018,-0.553134184
45,8/6/2018,-0.506751328
46,8/6/2018,-0.53146083
44,8/6/2018,-0.361736291
11,8/6/2018,-0.642355869
12,8/6/2018,-0.679637633
13,8/6/2018,-0.607598459
14,8/6/2018,-0.584875302
1,8/6/2018,-0.513322083
2,8/6/2018,-0.633406068
3,8/6/2018,-0.621150846
4,8/6/2018,-0.398700669
5,8/6/2018,-0.605685486
6,8/6/2018,-0.652726703
7,8/6/2018,-0.653342638
9,8/6/2018,-0.656095262
10,8/6/2018,-0.648597271
8,8/6/2018,-0.605700862
29,8/7/2018,-0.45048925
28,8/7/2018,-0.446824637
27,8/7/2018,-0.444484472
26,8/7/2018,-0.444484472
25,8/7/2018,-0.437414495
24,8/7/2018,-0.445912328
30,8/7/2018,-0.375231449
31,8/7/2018,-0.375194043
32,8/7/2018,-0.366040939
77,8/7/2018,-0.940964745
76,8/7/2018,-0.555266417
74,8/7/2018,-0.441140264
72,8/7/2018,-0.441140264
68,8/7/2018,-0.493292148
67,8/7/2018,-0.47349335
69,8/7/2018,-0.71466289
70,8/7/2018,-0.577451728
71,8/7/2018,-0.494944858
73,8/7/2018,-0.441140264
75,8/7/2018,-0.766720843
34,8/7/2018,-0.457314459
36,8/7/2018,-0.420626907
33,8/7/2018,-0.419815223
35,8/7/2018,-0.449715372
15,8/7/2018,-0.573092276
16,8/7/2018,-0.489108781
17,8/7/2018,-0.481963158
18,8/7/2018,-0.481963158
19,8/7/2018,-0.481963158
20,8/7/2018,-0.481963158
21,8/7/2018,-0.481963158
22,8/7/2018,-0.481963158
23,8/7/2018,-0.466396106
66,8/7/2018,-0.481963158
63,8/7/2018,-0.481903208
59,8/7/2018,-0.441669882
56,8/7/2018,-0.441140264
58,8/7/2018,-0.44116131
57,8/7/2018,-0.441140584
60,8/7/2018,-0.46307912
62,8/7/2018,-0.481450535
61,8/7/2018,-0.48038834
65,8/7/2018,-0.471990551
64,8/7/2018,-0.476532017
48,8/7/2018,-0.44624953
47,8/7/2018,-0.443452373
49,8/7/2018,-0.440715444
50,8/7/2018,-0.447538882
52,8/7/2018,-0.443863946
51,8/7/2018,-0.443419558
54,8/7/2018,-0.441140264
53,8/7/2018,-0.441140264
55,8/7/2018,-0.441140264
37,8/7/2018,-0.444484472
40,8/7/2018,-0.444484472
38,8/7/2018,-0.444484472
39,8/7/2018,-0.445238173
41,8/7/2018,-0.452952143
42,8/7/2018,-0.459542431
43,8/7/2018,-0.480272469
45,8/7/2018,-0.461866039
46,8/7/2018,-0.458948068
44,8/7/2018,-0.47943358
11,8/7/2018,-0.476816809
12,8/7/2018,-0.443576552
13,8/7/2018,-0.47670615
14,8/7/2018,-0.457736368
1,8/7/2018,-0.688099267
2,8/7/2018,-0.684277058
3,8/7/2018,-0.684277058
4,8/7/2018,-0.683097475
5,8/7/2018,-0.628096161
6,8/7/2018,-0.652028208
7,8/7/2018,-0.641821499
9,8/7/2018,-0.489042294
10,8/7/2018,-0.480176677
8,8/7/2018,-0.490580044
29,8/8/2018,-0.61117
28,8/8/2018,-0.423663947
27,8/8/2018,-0.574231366
26,8/8/2018,-0.804001425
25,8/8/2018,-0.799002077
24,8/8/2018,-0.327239072
30,8/8/2018,-0.811106443
31,8/8/2018,-0.710195538
32,8/8/2018,-0.712468038
77,8/8/2018,-1.234465936
76,8/8/2018,-1.23733494
74,8/8/2018,-0.994332556
72,8/8/2018,-0.976365734
68,8/8/2018,-0.655327942
67,8/8/2018,-0.927170272
69,8/8/2018,-0.874404047
70,8/8/2018,-0.994786941
71,8/8/2018,-0.983951789
73,8/8/2018,-0.972259857
75,8/8/2018,-0.997245689
34,8/8/2018,-1.085228275
36,8/8/2018,-0.843318245
33,8/8/2018,-0.896827496
35,8/8/2018,-0.962578766
15,8/8/2018,-0.544930567
16,8/8/2018,-0.463482558
17,8/8/2018,-0.424748483
18,8/8/2018,-0.207098799
19,8/8/2018,-0.364320978
20,8/8/2018,-0.20062109
21,8/8/2018,-0.255700277
22,8/8/2018,-0.234799799
23,8/8/2018,-0.397922523
66,8/8/2018,-0.608089966
63,8/8/2018,-0.371708986
59,8/8/2018,-0.94409591
56,8/8/2018,-0.946596152
58,8/8/2018,-0.954857293
57,8/8/2018,-0.958951131
60,8/8/2018,-0.94409591
62,8/8/2018,-0.652774904
61,8/8/2018,-0.701895506
65,8/8/2018,-0.916983641
64,8/8/2018,-0.884351099
48,8/8/2018,-0.97969646
47,8/8/2018,-0.94409591
49,8/8/2018,-1.275447682
50,8/8/2018,-0.94409591
52,8/8/2018,-0.94409591
51,8/8/2018,-0.94409591
54,8/8/2018,-0.94409591
53,8/8/2018,-0.94409591
55,8/8/2018,-1.079428454
37,8/8/2018,-0.83948615
40,8/8/2018,-0.505707871
38,8/8/2018,-0.796082924
39,8/8/2018,-0.413306198
41,8/8/2018,-0.196814701
42,8/8/2018,-0.2018031
43,8/8/2018,-0.205478142
45,8/8/2018,-0.196986736
46,8/8/2018,-0.768235203
44,8/8/2018,-0.452884321
11,8/8/2018,-0.418361135
12,8/8/2018,-0.669787782
13,8/8/2018,-0.412384441
14,8/8/2018,-0.471025829
1,8/8/2018,-0.608691319
2,8/8/2018,-0.437019753
3,8/8/2018,-0.509612178
4,8/8/2018,-0.523552281
5,8/8/2018,-0.508128107
6,8/8/2018,-0.505512218
7,8/8/2018,-0.408004168
9,8/8/2018,-0.405747574
10,8/8/2018,-0.393619228
8,8/8/2018,-0.476400969
