ST_NM,date,aod
Andaman & Nicobar Island,4/1/2000,216.0607853
Andaman & Nicobar Island,7/1/2000,317.3115939
Andaman & Nicobar Island,10/1/2000,341.136057
Andaman & Nicobar Island,1/1/2001,192.2043717
Andaman & Nicobar Island,4/1/2001,244.9049241
Andaman & Nicobar Island,7/1/2001,343.086393
Andaman & Nicobar Island,10/1/2001,243.6611269
Andaman & Nicobar Island,1/1/2002,250.8676791
Andaman & Nicobar Island,4/1/2002,232.2672659
Andaman & Nicobar Island,7/1/2002,408.2041889
Andaman & Nicobar Island,10/1/2002,215.8627105
Andaman & Nicobar Island,1/1/2003,219.2815551
Andaman & Nicobar Island,4/1/2003,247.9487516
Andaman & Nicobar Island,7/1/2003,229.211819
Andaman & Nicobar Island,10/1/2003,299.7134805
Andaman & Nicobar Island,1/1/2004,261.9186248
Andaman & Nicobar Island,4/1/2004,246.5324802
Andaman & Nicobar Island,7/1/2004,356.6460048
Andaman & Nicobar Island,10/1/2004,367.7033233
Andaman & Nicobar Island,1/1/2005,239.2001902
Andaman & Nicobar Island,4/1/2005,299.7021967
Andaman & Nicobar Island,7/1/2005,260.5202479
Andaman & Nicobar Island,10/1/2005,240.4717463
Andaman & Nicobar Island,1/1/2006,224.2444688
Andaman & Nicobar Island,4/1/2006,235.5427728
Andaman & Nicobar Island,7/1/2006,457.2668919
Andaman & Nicobar Island,10/1/2006,361.253262
Andaman & Nicobar Island,1/1/2007,290.1155726
Andaman & Nicobar Island,4/1/2007,252.2668127
Andaman & Nicobar Island,7/1/2007,291.1559948
Andaman & Nicobar Island,10/1/2007,305.0716291
Andaman & Nicobar Island,1/1/2008,251.1430118
Andaman & Nicobar Island,4/1/2008,291.844271
Andaman & Nicobar Island,7/1/2008,368.9380312
Andaman & Nicobar Island,10/1/2008,262.2697509
Andaman & Nicobar Island,1/1/2009,276.892715
Andaman & Nicobar Island,4/1/2009,290.6020908
Andaman & Nicobar Island,7/1/2009,343.2721631
Andaman & Nicobar Island,10/1/2009,323.8059371
Andaman & Nicobar Island,1/1/2010,292.4202797
Andaman & Nicobar Island,4/1/2010,281.1940928
Andaman & Nicobar Island,7/1/2010,282.6629811
Andaman & Nicobar Island,10/1/2010,329.0539896
Andaman & Nicobar Island,1/1/2011,250.9500794
Andaman & Nicobar Island,4/1/2011,349.3485888
Andaman & Nicobar Island,7/1/2011,457.1009857
Andaman & Nicobar Island,10/1/2011,336.8511614
Andaman & Nicobar Island,1/1/2012,242.010292
Andaman & Nicobar Island,4/1/2012,309.9450534
Andaman & Nicobar Island,7/1/2012,381.9396459
Andaman & Nicobar Island,10/1/2012,319.306675
Andaman & Nicobar Island,1/1/2013,289.1655587
Andaman & Nicobar Island,4/1/2013,312.4283251
Andaman & Nicobar Island,7/1/2013,372.7560369
Andaman & Nicobar Island,10/1/2013,275.8886547
Andaman & Nicobar Island,1/1/2014,314.3832535
Andaman & Nicobar Island,4/1/2014,420.6787035
Andaman & Nicobar Island,7/1/2014,473.5872841
Andaman & Nicobar Island,10/1/2014,334.7652785
Andaman & Nicobar Island,1/1/2015,271.5891361
Andaman & Nicobar Island,4/1/2015,273.8888765
Andaman & Nicobar Island,7/1/2015,400.9088204
Andaman & Nicobar Island,10/1/2015,264.5186136
Andaman & Nicobar Island,1/1/2016,256.0763011
Andaman & Nicobar Island,4/1/2016,355.5660363
Andaman & Nicobar Island,7/1/2016,315.4637408
Andaman & Nicobar Island,10/1/2016,466.7854624
Andaman & Nicobar Island,1/1/2017,264.3467286
Andaman & Nicobar Island,4/1/2017,371.9750297
Andaman & Nicobar Island,7/1/2017,435.6684222
Andaman & Nicobar Island,10/1/2017,312.0597917
Andaman & Nicobar Island,1/1/2018,258.3815123
Andaman & Nicobar Island,4/1/2018,343.4714296
Andaman & Nicobar Island,7/1/2018,368.5346453
Andaman & Nicobar Island,10/1/2018,304.3275331
Andaman & Nicobar Island,1/1/2019,334.6088534
Andaman & Nicobar Island,4/1/2019,327.7336484
Andaman & Nicobar Island,7/1/2019,321.6408166
Andaman & Nicobar Island,10/1/2019,280.7907948
Andhra Pradesh,4/1/2000,575.568234
Andhra Pradesh,7/1/2000,609.3703698
Andhra Pradesh,10/1/2000,422.6790117
Andhra Pradesh,1/1/2001,463.9441953
Andhra Pradesh,4/1/2001,472.5537428
Andhra Pradesh,7/1/2001,571.7456973
Andhra Pradesh,10/1/2001,394.6260288
Andhra Pradesh,1/1/2002,364.6424394
Andhra Pradesh,4/1/2002,501.7152899
Andhra Pradesh,7/1/2002,644.2476656
Andhra Pradesh,10/1/2002,395.0938777
Andhra Pradesh,1/1/2003,414.9309827
Andhra Pradesh,4/1/2003,487.9045424
Andhra Pradesh,7/1/2003,498.2541535
Andhra Pradesh,10/1/2003,411.8981408
Andhra Pradesh,1/1/2004,353.9398899
Andhra Pradesh,4/1/2004,511.8611578
Andhra Pradesh,7/1/2004,404.9970275
Andhra Pradesh,10/1/2004,411.383471
Andhra Pradesh,1/1/2005,451.7060381
Andhra Pradesh,4/1/2005,611.2852591
Andhra Pradesh,7/1/2005,486.9829688
Andhra Pradesh,10/1/2005,520.6838575
Andhra Pradesh,1/1/2006,391.1843016
Andhra Pradesh,4/1/2006,637.2413866
Andhra Pradesh,7/1/2006,539.9551969
Andhra Pradesh,10/1/2006,474.5650809
Andhra Pradesh,1/1/2007,462.9827609
Andhra Pradesh,4/1/2007,618.8191649
Andhra Pradesh,7/1/2007,601.3144899
Andhra Pradesh,10/1/2007,518.3623353
Andhra Pradesh,1/1/2008,445.5950206
Andhra Pradesh,4/1/2008,637.2318473
Andhra Pradesh,7/1/2008,648.2292785
Andhra Pradesh,10/1/2008,473.1037491
Andhra Pradesh,1/1/2009,456.2365368
Andhra Pradesh,4/1/2009,641.9335905
Andhra Pradesh,7/1/2009,587.3799408
Andhra Pradesh,10/1/2009,506.726323
Andhra Pradesh,1/1/2010,491.8654531
Andhra Pradesh,4/1/2010,592.4990347
Andhra Pradesh,7/1/2010,522.1304427
Andhra Pradesh,10/1/2010,517.8840488
Andhra Pradesh,1/1/2011,404.2254626
Andhra Pradesh,4/1/2011,663.4606752
Andhra Pradesh,7/1/2011,518.8790563
Andhra Pradesh,10/1/2011,669.2445624
Andhra Pradesh,1/1/2012,407.5274528
Andhra Pradesh,4/1/2012,658.3558125
Andhra Pradesh,7/1/2012,446.5826743
Andhra Pradesh,10/1/2012,523.0742412
Andhra Pradesh,1/1/2013,542.9896306
Andhra Pradesh,4/1/2013,761.2454158
Andhra Pradesh,7/1/2013,622.1853241
Andhra Pradesh,10/1/2013,469.2929445
Andhra Pradesh,1/1/2014,609.4751706
Andhra Pradesh,4/1/2014,907.9031599
Andhra Pradesh,7/1/2014,648.5050261
Andhra Pradesh,10/1/2014,590.4677293
Andhra Pradesh,1/1/2015,501.8173254
Andhra Pradesh,4/1/2015,636.0929716
Andhra Pradesh,7/1/2015,701.4788826
Andhra Pradesh,10/1/2015,710.7763351
Andhra Pradesh,1/1/2016,632.2941127
Andhra Pradesh,4/1/2016,689.3212619
Andhra Pradesh,7/1/2016,593.2072028
Andhra Pradesh,10/1/2016,540.7461066
Andhra Pradesh,1/1/2017,625.9312555
Andhra Pradesh,4/1/2017,881.4071077
Andhra Pradesh,7/1/2017,537.2993283
Andhra Pradesh,10/1/2017,669.6806201
Andhra Pradesh,1/1/2018,745.3379983
Andhra Pradesh,4/1/2018,695.8521241
Andhra Pradesh,7/1/2018,720.3646206
Andhra Pradesh,10/1/2018,634.9305454
Andhra Pradesh,1/1/2019,694.2409809
Andhra Pradesh,4/1/2019,655.2111184
Andhra Pradesh,7/1/2019,561.9237534
Andhra Pradesh,10/1/2019,554.8472013
Arunanchal Pradesh,4/1/2000,323.090305
Arunanchal Pradesh,7/1/2000,227.8273116
Arunanchal Pradesh,10/1/2000,78.96760117
Arunanchal Pradesh,1/1/2001,178.4461788
Arunanchal Pradesh,4/1/2001,305.8108341
Arunanchal Pradesh,7/1/2001,132.9907671
Arunanchal Pradesh,10/1/2001,55.61785146
Arunanchal Pradesh,1/1/2002,113.3144094
Arunanchal Pradesh,4/1/2002,225.6758099
Arunanchal Pradesh,7/1/2002,392.3813792
Arunanchal Pradesh,10/1/2002,117.4556477
Arunanchal Pradesh,1/1/2003,133.1959586
Arunanchal Pradesh,4/1/2003,277.1339916
Arunanchal Pradesh,7/1/2003,129.6227191
Arunanchal Pradesh,10/1/2003,127.0539886
Arunanchal Pradesh,1/1/2004,121.7793645
Arunanchal Pradesh,4/1/2004,278.0423841
Arunanchal Pradesh,7/1/2004,259.6216173
Arunanchal Pradesh,10/1/2004,110.6144062
Arunanchal Pradesh,1/1/2005,165.9138372
Arunanchal Pradesh,4/1/2005,397.2081875
Arunanchal Pradesh,7/1/2005,275.3525265
Arunanchal Pradesh,10/1/2005,119.3539664
Arunanchal Pradesh,1/1/2006,176.3623996
Arunanchal Pradesh,4/1/2006,275.0991301
Arunanchal Pradesh,7/1/2006,193.8004773
Arunanchal Pradesh,10/1/2006,91.1592483
Arunanchal Pradesh,1/1/2007,188.3910929
Arunanchal Pradesh,4/1/2007,290.2214736
Arunanchal Pradesh,7/1/2007,201.1747806
Arunanchal Pradesh,10/1/2007,131.7412666
Arunanchal Pradesh,1/1/2008,145.452733
Arunanchal Pradesh,4/1/2008,431.2373081
Arunanchal Pradesh,7/1/2008,122.5163672
Arunanchal Pradesh,10/1/2008,85.4242211
Arunanchal Pradesh,1/1/2009,216.6588868
Arunanchal Pradesh,4/1/2009,391.0728047
Arunanchal Pradesh,7/1/2009,172.6094626
Arunanchal Pradesh,10/1/2009,116.0358737
Arunanchal Pradesh,1/1/2010,140.7606981
Arunanchal Pradesh,4/1/2010,356.4046584
Arunanchal Pradesh,7/1/2010,210.9371156
Arunanchal Pradesh,10/1/2010,114.8581928
Arunanchal Pradesh,1/1/2011,193.1915439
Arunanchal Pradesh,4/1/2011,371.0246602
Arunanchal Pradesh,7/1/2011,311.4163809
Arunanchal Pradesh,10/1/2011,168.9492755
Arunanchal Pradesh,1/1/2012,215.0969494
Arunanchal Pradesh,4/1/2012,431.8513982
Arunanchal Pradesh,7/1/2012,293.1718684
Arunanchal Pradesh,10/1/2012,100.8032059
Arunanchal Pradesh,1/1/2013,171.5845241
Arunanchal Pradesh,4/1/2013,325.558243
Arunanchal Pradesh,7/1/2013,254.7757173
Arunanchal Pradesh,10/1/2013,88.65537531
Arunanchal Pradesh,1/1/2014,181.3617581
Arunanchal Pradesh,4/1/2014,473.1284356
Arunanchal Pradesh,7/1/2014,265.1929892
Arunanchal Pradesh,10/1/2014,134.0968795
Arunanchal Pradesh,1/1/2015,140.9973576
Arunanchal Pradesh,4/1/2015,340.1464518
Arunanchal Pradesh,7/1/2015,133.0456767
Arunanchal Pradesh,10/1/2015,138.573226
Arunanchal Pradesh,1/1/2016,185.5054172
Arunanchal Pradesh,4/1/2016,380.1910323
Arunanchal Pradesh,7/1/2016,236.2824955
Arunanchal Pradesh,10/1/2016,92.80319749
Arunanchal Pradesh,1/1/2017,156.4116016
Arunanchal Pradesh,4/1/2017,394.525612
Arunanchal Pradesh,7/1/2017,191.3160936
Arunanchal Pradesh,10/1/2017,127.3946581
Arunanchal Pradesh,1/1/2018,165.3057008
Arunanchal Pradesh,4/1/2018,359.776298
Arunanchal Pradesh,7/1/2018,258.9669481
Arunanchal Pradesh,10/1/2018,162.8985088
Arunanchal Pradesh,1/1/2019,151.6763151
Arunanchal Pradesh,4/1/2019,283.3701972
Arunanchal Pradesh,7/1/2019,327.4814599
Arunanchal Pradesh,10/1/2019,157.2364045
Assam,4/1/2000,467.5741797
Assam,7/1/2000,377.1594969
Assam,10/1/2000,260.2969931
Assam,1/1/2001,612.9283764
Assam,4/1/2001,509.4196043
Assam,7/1/2001,327.0805254
Assam,10/1/2001,156.4447391
Assam,1/1/2002,455.0060422
Assam,4/1/2002,426.2093495
Assam,7/1/2002,591.048322
Assam,10/1/2002,230.3846604
Assam,1/1/2003,509.7114002
Assam,4/1/2003,470.4762943
Assam,7/1/2003,248.30003
Assam,10/1/2003,297.21035
Assam,1/1/2004,358.2732599
Assam,4/1/2004,423.9364992
Assam,7/1/2004,405.940516
Assam,10/1/2004,230.9304319
Assam,1/1/2005,475.1482344
Assam,4/1/2005,616.7073735
Assam,7/1/2005,312.4019715
Assam,10/1/2005,194.9721439
Assam,1/1/2006,633.1774153
Assam,4/1/2006,413.492764
Assam,7/1/2006,297.3993427
Assam,10/1/2006,200.1433601
Assam,1/1/2007,673.9623155
Assam,4/1/2007,519.3051992
Assam,7/1/2007,286.5961946
Assam,10/1/2007,263.090999
Assam,1/1/2008,605.7713423
Assam,4/1/2008,640.9987872
Assam,7/1/2008,261.8911881
Assam,10/1/2008,153.4962652
Assam,1/1/2009,641.0519961
Assam,4/1/2009,622.8409309
Assam,7/1/2009,263.103726
Assam,10/1/2009,266.7013339
Assam,1/1/2010,336.040759
Assam,4/1/2010,692.1300632
Assam,7/1/2010,371.0526438
Assam,10/1/2010,241.9950246
Assam,1/1/2011,715.9477818
Assam,4/1/2011,641.3200866
Assam,7/1/2011,517.711537
Assam,10/1/2011,313.9716337
Assam,1/1/2012,806.0796219
Assam,4/1/2012,626.6696371
Assam,7/1/2012,399.7472188
Assam,10/1/2012,240.9511343
Assam,1/1/2013,559.6759797
Assam,4/1/2013,663.4467083
Assam,7/1/2013,419.1760991
Assam,10/1/2013,356.1596793
Assam,1/1/2014,560.7950069
Assam,4/1/2014,639.6321699
Assam,7/1/2014,370.5283948
Assam,10/1/2014,274.5559096
Assam,1/1/2015,432.5720359
Assam,4/1/2015,581.9622509
Assam,7/1/2015,262.7070984
Assam,10/1/2015,316.673861
Assam,1/1/2016,686.2042994
Assam,4/1/2016,755.1005414
Assam,7/1/2016,377.0527923
Assam,10/1/2016,192.8896422
Assam,1/1/2017,448.4262226
Assam,4/1/2017,697.1433354
Assam,7/1/2017,346.219134
Assam,10/1/2017,313.2281631
Assam,1/1/2018,736.7528786
Assam,4/1/2018,735.3495538
Assam,7/1/2018,368.3690993
Assam,10/1/2018,460.9668561
Assam,1/1/2019,407.2264923
Assam,4/1/2019,628.7822914
Assam,7/1/2019,581.577734
Assam,10/1/2019,304.3215363
Bihar,4/1/2000,478.433189
Bihar,7/1/2000,576.6175084
Bihar,10/1/2000,513.9182865
Bihar,1/1/2001,793.0308091
Bihar,4/1/2001,438.4611616
Bihar,7/1/2001,517.9423213
Bihar,10/1/2001,516.309836
Bihar,1/1/2002,789.5353073
Bihar,4/1/2002,531.9608531
Bihar,7/1/2002,1198.506356
Bihar,10/1/2002,587.2102031
Bihar,1/1/2003,865.8981569
Bihar,4/1/2003,493.4466991
Bihar,7/1/2003,416.0076376
Bihar,10/1/2003,523.9462996
Bihar,1/1/2004,776.9653927
Bihar,4/1/2004,652.9660264
Bihar,7/1/2004,724.970714
Bihar,10/1/2004,500.8053646
Bihar,1/1/2005,796.898681
Bihar,4/1/2005,553.695141
Bihar,7/1/2005,516.0615624
Bihar,10/1/2005,564.1724674
Bihar,1/1/2006,776.7158625
Bihar,4/1/2006,617.3005051
Bihar,7/1/2006,492.1537864
Bihar,10/1/2006,532.2242017
Bihar,1/1/2007,976.9762602
Bihar,4/1/2007,603.1454417
Bihar,7/1/2007,555.8275325
Bihar,10/1/2007,697.3161958
Bihar,1/1/2008,848.3942564
Bihar,4/1/2008,448.3870188
Bihar,7/1/2008,508.1534868
Bihar,10/1/2008,571.7330087
Bihar,1/1/2009,996.0129326
Bihar,4/1/2009,520.5131318
Bihar,7/1/2009,701.1481652
Bihar,10/1/2009,533.6389079
Bihar,1/1/2010,926.9630743
Bihar,4/1/2010,593.4186849
Bihar,7/1/2010,455.0871171
Bihar,10/1/2010,545.8716219
Bihar,1/1/2011,1170.187176
Bihar,4/1/2011,624.3236524
Bihar,7/1/2011,1164.712808
Bihar,10/1/2011,893.3733121
Bihar,1/1/2012,917.9392621
Bihar,4/1/2012,489.1457373
Bihar,7/1/2012,702.4191527
Bihar,10/1/2012,550.1377387
Bihar,1/1/2013,1149.172486
Bihar,4/1/2013,562.773397
Bihar,7/1/2013,576.3013794
Bihar,10/1/2013,795.0366992
Bihar,1/1/2014,1117.332579
Bihar,4/1/2014,509.6969504
Bihar,7/1/2014,713.3894205
Bihar,10/1/2014,689.729221
Bihar,1/1/2015,908.4563327
Bihar,4/1/2015,622.5175589
Bihar,7/1/2015,774.5138161
Bihar,10/1/2015,660.5795788
Bihar,1/1/2016,1332.800356
Bihar,4/1/2016,543.6794352
Bihar,7/1/2016,817.487723
Bihar,10/1/2016,729.4860731
Bihar,1/1/2017,850.5177725
Bihar,4/1/2017,695.9870235
Bihar,7/1/2017,470.3326342
Bihar,10/1/2017,799.61905
Bihar,1/1/2018,1252.468709
Bihar,4/1/2018,651.6283618
Bihar,7/1/2018,577.0726391
Bihar,10/1/2018,645.7655124
Bihar,1/1/2019,959.1171455
Bihar,4/1/2019,643.7734247
Bihar,7/1/2019,1136.365265
Bihar,10/1/2019,1063.71423
Chandigarh,4/1/2000,358.8991819
Chandigarh,7/1/2000,928.2781781
Chandigarh,10/1/2000,577.8567446
Chandigarh,1/1/2001,446.0111397
Chandigarh,4/1/2001,352.4953421
Chandigarh,7/1/2001,1027.760804
Chandigarh,10/1/2001,751.478341
Chandigarh,1/1/2002,444.206947
Chandigarh,4/1/2002,479.5710018
Chandigarh,7/1/2002,1378.807878
Chandigarh,10/1/2002,593.0235611
Chandigarh,1/1/2003,633.4144398
Chandigarh,4/1/2003,431.4800816
Chandigarh,7/1/2003,876.658259
Chandigarh,10/1/2003,491.2227396
Chandigarh,1/1/2004,463.1882854
Chandigarh,4/1/2004,653.1300614
Chandigarh,7/1/2004,879.1884902
Chandigarh,10/1/2004,621.8207768
Chandigarh,1/1/2005,367.8133687
Chandigarh,4/1/2005,481.8798826
Chandigarh,7/1/2005,787.1901132
Chandigarh,10/1/2005,666.2589207
Chandigarh,1/1/2006,320.4471011
Chandigarh,4/1/2006,472.8725864
Chandigarh,7/1/2006,652.1661965
Chandigarh,10/1/2006,606.2271254
Chandigarh,1/1/2007,475.6961641
Chandigarh,4/1/2007,447.4574587
Chandigarh,7/1/2007,430.8689794
Chandigarh,10/1/2007,387.6256265
Chandigarh,1/1/2008,447.1887316
Chandigarh,4/1/2008,406.6334981
Chandigarh,7/1/2008,589.5320862
Chandigarh,10/1/2008,649.5329177
Chandigarh,1/1/2009,629.1958574
Chandigarh,4/1/2009,385.8813276
Chandigarh,7/1/2009,637.2581889
Chandigarh,10/1/2009,358.3231536
Chandigarh,1/1/2010,576.2179252
Chandigarh,4/1/2010,416.4621338
Chandigarh,7/1/2010,912.9929006
Chandigarh,10/1/2010,600.0297737
Chandigarh,1/1/2011,456.9216918
Chandigarh,4/1/2011,433.9760655
Chandigarh,7/1/2011,803.7635722
Chandigarh,10/1/2011,540.7109003
Chandigarh,1/1/2012,529.4835227
Chandigarh,4/1/2012,373.1363822
Chandigarh,7/1/2012,1098.732194
Chandigarh,10/1/2012,408.6568457
Chandigarh,1/1/2013,444.5160682
Chandigarh,4/1/2013,431.0067629
Chandigarh,7/1/2013,607.035391
Chandigarh,10/1/2013,705.1066378
Chandigarh,1/1/2014,544.8333689
Chandigarh,4/1/2014,326.1102128
Chandigarh,7/1/2014,1213.043716
Chandigarh,10/1/2014,708.9107979
Chandigarh,1/1/2015,484.6208325
Chandigarh,4/1/2015,444.2109466
Chandigarh,7/1/2015,688.0767296
Chandigarh,10/1/2015,718.8665944
Chandigarh,1/1/2016,777.6945379
Chandigarh,4/1/2016,377.7486144
Chandigarh,7/1/2016,852.7261204
Chandigarh,10/1/2016,722.0327396
Chandigarh,1/1/2017,407.662946
Chandigarh,4/1/2017,445.5910658
Chandigarh,7/1/2017,1274.429676
Chandigarh,10/1/2017,718.4794636
Chandigarh,1/1/2018,486.1396972
Chandigarh,4/1/2018,524.496163
Chandigarh,7/1/2018,846.9058697
Chandigarh,10/1/2018,422.2841242
Chandigarh,1/1/2019,462.8249392
Chandigarh,4/1/2019,371.0833921
Chandigarh,7/1/2019,1049.832277
Chandigarh,10/1/2019,875.0781444
Chhattisgarh,4/1/2000,653.7474212
Chhattisgarh,7/1/2000,493.3614852
Chhattisgarh,10/1/2000,366.7490058
Chhattisgarh,1/1/2001,396.6977232
Chhattisgarh,4/1/2001,433.2317261
Chhattisgarh,7/1/2001,706.9334661
Chhattisgarh,10/1/2001,400.3707627
Chhattisgarh,1/1/2002,365.1059083
Chhattisgarh,4/1/2002,553.0989375
Chhattisgarh,7/1/2002,727.4210202
Chhattisgarh,10/1/2002,340.1557541
Chhattisgarh,1/1/2003,386.1453023
Chhattisgarh,4/1/2003,545.2015285
Chhattisgarh,7/1/2003,432.5407321
Chhattisgarh,10/1/2003,351.6279179
Chhattisgarh,1/1/2004,361.7174221
Chhattisgarh,4/1/2004,557.3368892
Chhattisgarh,7/1/2004,557.2555101
Chhattisgarh,10/1/2004,401.0447099
Chhattisgarh,1/1/2005,438.9538004
Chhattisgarh,4/1/2005,654.7967317
Chhattisgarh,7/1/2005,488.5256098
Chhattisgarh,10/1/2005,447.1633663
Chhattisgarh,1/1/2006,304.4801369
Chhattisgarh,4/1/2006,589.2530281
Chhattisgarh,7/1/2006,569.2352809
Chhattisgarh,10/1/2006,433.0171717
Chhattisgarh,1/1/2007,403.3620106
Chhattisgarh,4/1/2007,601.640234
Chhattisgarh,7/1/2007,600.6812135
Chhattisgarh,10/1/2007,450.5867327
Chhattisgarh,1/1/2008,445.3746377
Chhattisgarh,4/1/2008,644.5633797
Chhattisgarh,7/1/2008,726.993844
Chhattisgarh,10/1/2008,435.8281141
Chhattisgarh,1/1/2009,467.9331366
Chhattisgarh,4/1/2009,541.5789261
Chhattisgarh,7/1/2009,688.1837322
Chhattisgarh,10/1/2009,398.8894869
Chhattisgarh,1/1/2010,322.3959211
Chhattisgarh,4/1/2010,526.9150807
Chhattisgarh,7/1/2010,627.4879541
Chhattisgarh,10/1/2010,449.3309956
Chhattisgarh,1/1/2011,379.4075826
Chhattisgarh,4/1/2011,651.1172876
Chhattisgarh,7/1/2011,1003.852247
Chhattisgarh,10/1/2011,525.8312342
Chhattisgarh,1/1/2012,439.0476286
Chhattisgarh,4/1/2012,595.5250435
Chhattisgarh,7/1/2012,746.1672273
Chhattisgarh,10/1/2012,446.3527373
Chhattisgarh,1/1/2013,481.44631
Chhattisgarh,4/1/2013,727.5968016
Chhattisgarh,7/1/2013,643.5206674
Chhattisgarh,10/1/2013,490.8639076
Chhattisgarh,1/1/2014,584.5871613
Chhattisgarh,4/1/2014,724.3312124
Chhattisgarh,7/1/2014,671.0048057
Chhattisgarh,10/1/2014,551.2062794
Chhattisgarh,1/1/2015,445.4224379
Chhattisgarh,4/1/2015,670.4860652
Chhattisgarh,7/1/2015,897.287878
Chhattisgarh,10/1/2015,701.832701
Chhattisgarh,1/1/2016,463.9597076
Chhattisgarh,4/1/2016,593.7021094
Chhattisgarh,7/1/2016,623.9163226
Chhattisgarh,10/1/2016,493.3444523
Chhattisgarh,1/1/2017,536.7754653
Chhattisgarh,4/1/2017,701.0865883
Chhattisgarh,7/1/2017,659.2172183
Chhattisgarh,10/1/2017,573.3338615
Chhattisgarh,1/1/2018,449.9282601
Chhattisgarh,4/1/2018,651.7925397
Chhattisgarh,7/1/2018,670.7111747
Chhattisgarh,10/1/2018,513.9688554
Chhattisgarh,1/1/2019,527.442694
Chhattisgarh,4/1/2019,587.2872258
Chhattisgarh,7/1/2019,813.5076034
Chhattisgarh,10/1/2019,689.6062094
Dadara & Nagar Havelli,4/1/2000,507.8328506
Dadara & Nagar Havelli,7/1/2000,20
Dadara & Nagar Havelli,10/1/2000,398.3956465
Dadara & Nagar Havelli,1/1/2001,350.7285617
Dadara & Nagar Havelli,4/1/2001,530.2078814
Dadara & Nagar Havelli,10/1/2001,338.7744411
Dadara & Nagar Havelli,1/1/2002,353.1376678
Dadara & Nagar Havelli,4/1/2002,505.2115568
Dadara & Nagar Havelli,10/1/2002,373.0013199
Dadara & Nagar Havelli,1/1/2003,481.0162278
Dadara & Nagar Havelli,4/1/2003,523.6196806
Dadara & Nagar Havelli,7/1/2003,1115.420875
Dadara & Nagar Havelli,10/1/2003,357.7064714
Dadara & Nagar Havelli,1/1/2004,358.2170076
Dadara & Nagar Havelli,4/1/2004,534.5261341
Dadara & Nagar Havelli,10/1/2004,407.4138741
Dadara & Nagar Havelli,1/1/2005,340.0932981
Dadara & Nagar Havelli,4/1/2005,552.3922418
Dadara & Nagar Havelli,7/1/2005,1086.059534
Dadara & Nagar Havelli,10/1/2005,376.47549
Dadara & Nagar Havelli,1/1/2006,345.4800203
Dadara & Nagar Havelli,4/1/2006,460.8480059
Dadara & Nagar Havelli,7/1/2006,588.4880436
Dadara & Nagar Havelli,10/1/2006,469.0364619
Dadara & Nagar Havelli,1/1/2007,467.5250379
Dadara & Nagar Havelli,4/1/2007,527.8362681
Dadara & Nagar Havelli,7/1/2007,521.6560019
Dadara & Nagar Havelli,10/1/2007,416.9354936
Dadara & Nagar Havelli,1/1/2008,417.5067312
Dadara & Nagar Havelli,4/1/2008,558.5770193
Dadara & Nagar Havelli,7/1/2008,2201.145562
Dadara & Nagar Havelli,10/1/2008,415.1572813
Dadara & Nagar Havelli,1/1/2009,493.3777964
Dadara & Nagar Havelli,4/1/2009,588.6284933
Dadara & Nagar Havelli,10/1/2009,385.8320824
Dadara & Nagar Havelli,1/1/2010,515.785508
Dadara & Nagar Havelli,4/1/2010,435.0234953
Dadara & Nagar Havelli,10/1/2010,659.984798
Dadara & Nagar Havelli,1/1/2011,341.610325
Dadara & Nagar Havelli,4/1/2011,641.0627069
Dadara & Nagar Havelli,7/1/2011,2649.07693
Dadara & Nagar Havelli,10/1/2011,550.3931547
Dadara & Nagar Havelli,1/1/2012,365.5459593
Dadara & Nagar Havelli,4/1/2012,543.9379369
Dadara & Nagar Havelli,7/1/2012,2213.881585
Dadara & Nagar Havelli,10/1/2012,661.459649
Dadara & Nagar Havelli,1/1/2013,404.2070186
Dadara & Nagar Havelli,4/1/2013,505.7408434
Dadara & Nagar Havelli,10/1/2013,432.5360442
Dadara & Nagar Havelli,1/1/2014,564.9895218
Dadara & Nagar Havelli,4/1/2014,597.6676804
Dadara & Nagar Havelli,7/1/2014,563.5250098
Dadara & Nagar Havelli,10/1/2014,617.2809543
Dadara & Nagar Havelli,1/1/2015,451.508389
Dadara & Nagar Havelli,4/1/2015,657.9551583
Dadara & Nagar Havelli,10/1/2015,781.9188004
Dadara & Nagar Havelli,1/1/2016,412.714855
Dadara & Nagar Havelli,4/1/2016,455.9559679
Dadara & Nagar Havelli,10/1/2016,484.4314715
Dadara & Nagar Havelli,1/1/2017,482.998548
Dadara & Nagar Havelli,4/1/2017,499.3731043
Dadara & Nagar Havelli,7/1/2017,564.0668468
Dadara & Nagar Havelli,10/1/2017,583.4800025
Dadara & Nagar Havelli,1/1/2018,531.3463905
Dadara & Nagar Havelli,4/1/2018,564.1172976
Dadara & Nagar Havelli,10/1/2018,704.1000762
Dadara & Nagar Havelli,1/1/2019,448.7423585
Dadara & Nagar Havelli,4/1/2019,451.1982542
Dadara & Nagar Havelli,7/1/2019,342.253005
Dadara & Nagar Havelli,10/1/2019,552.9985187
Daman & Diu,4/1/2000,407.5519404
Daman & Diu,7/1/2000,333.8886203
Daman & Diu,10/1/2000,400.9513527
Daman & Diu,1/1/2001,345.1935824
Daman & Diu,4/1/2001,433.3347214
Daman & Diu,7/1/2001,20
Daman & Diu,10/1/2001,377.2393714
Daman & Diu,1/1/2002,372.0842745
Daman & Diu,4/1/2002,546.9177035
Daman & Diu,7/1/2002,1237.075308
Daman & Diu,10/1/2002,434.7707604
Daman & Diu,1/1/2003,401.8227126
Daman & Diu,4/1/2003,394.3001226
Daman & Diu,7/1/2003,639.9085265
Daman & Diu,10/1/2003,416.8398251
Daman & Diu,1/1/2004,340.0194122
Daman & Diu,4/1/2004,410.6004567
Daman & Diu,7/1/2004,657.2237144
Daman & Diu,10/1/2004,481.7820435
Daman & Diu,1/1/2005,343.0165246
Daman & Diu,4/1/2005,421.2335666
Daman & Diu,7/1/2005,882.3089618
Daman & Diu,10/1/2005,443.7517141
Daman & Diu,1/1/2006,342.6481308
Daman & Diu,4/1/2006,380.5647933
Daman & Diu,7/1/2006,798.6974985
Daman & Diu,10/1/2006,506.6335313
Daman & Diu,1/1/2007,424.8217799
Daman & Diu,4/1/2007,441.6515237
Daman & Diu,7/1/2007,575.2105928
Daman & Diu,10/1/2007,467.9074694
Daman & Diu,1/1/2008,404.6417188
Daman & Diu,4/1/2008,490.0623638
Daman & Diu,7/1/2008,1634.327141
Daman & Diu,10/1/2008,550.7790993
Daman & Diu,1/1/2009,414.716441
Daman & Diu,4/1/2009,458.5361258
Daman & Diu,7/1/2009,855.7075942
Daman & Diu,10/1/2009,439.6884681
Daman & Diu,1/1/2010,449.6514556
Daman & Diu,4/1/2010,401.6439192
Daman & Diu,7/1/2010,791.7356747
Daman & Diu,10/1/2010,586.0037723
Daman & Diu,1/1/2011,345.6259419
Daman & Diu,4/1/2011,509.4787518
Daman & Diu,7/1/2011,1785.6815
Daman & Diu,10/1/2011,599.6881951
Daman & Diu,1/1/2012,375.3729608
Daman & Diu,4/1/2012,456.2438289
Daman & Diu,7/1/2012,855.2459654
Daman & Diu,10/1/2012,654.5704631
Daman & Diu,1/1/2013,375.814142
Daman & Diu,4/1/2013,450.087045
Daman & Diu,7/1/2013,966.7410225
Daman & Diu,10/1/2013,483.0712186
Daman & Diu,1/1/2014,481.9596562
Daman & Diu,4/1/2014,448.4824361
Daman & Diu,7/1/2014,843.6979166
Daman & Diu,10/1/2014,625.8841527
Daman & Diu,1/1/2015,387.3763416
Daman & Diu,4/1/2015,532.7038985
Daman & Diu,7/1/2015,1523.947508
Daman & Diu,10/1/2015,927.8264588
Daman & Diu,1/1/2016,407.6001965
Daman & Diu,4/1/2016,414.7417088
Daman & Diu,10/1/2016,555.6722151
Daman & Diu,1/1/2017,467.0513564
Daman & Diu,4/1/2017,451.2123702
Daman & Diu,7/1/2017,706.2190894
Daman & Diu,10/1/2017,568.1542666
Daman & Diu,1/1/2018,497.4154799
Daman & Diu,4/1/2018,448.1931399
Daman & Diu,7/1/2018,468.3736368
Daman & Diu,10/1/2018,734.4454869
Daman & Diu,1/1/2019,398.4776505
Daman & Diu,4/1/2019,350.0215969
Daman & Diu,7/1/2019,533.5549315
Daman & Diu,10/1/2019,622.6881179
Goa,4/1/2000,579.8455309
Goa,7/1/2000,436.3469285
Goa,10/1/2000,572.6173725
Goa,1/1/2001,416.3041494
Goa,4/1/2001,488.6226348
Goa,7/1/2001,1033.43254
Goa,10/1/2001,382.6168123
Goa,1/1/2002,315.6939109
Goa,4/1/2002,568.3272958
Goa,7/1/2002,586.2573818
Goa,10/1/2002,515.2972799
Goa,1/1/2003,408.059542
Goa,4/1/2003,537.529852
Goa,7/1/2003,329.8472808
Goa,10/1/2003,475.8275402
Goa,1/1/2004,315.2462391
Goa,4/1/2004,496.0840052
Goa,7/1/2004,578.1430982
Goa,10/1/2004,376.0205862
Goa,1/1/2005,373.2374584
Goa,4/1/2005,524.2560712
Goa,7/1/2005,467.4414013
Goa,10/1/2005,480.0904906
Goa,1/1/2006,305.6078299
Goa,4/1/2006,642.2742035
Goa,7/1/2006,1287.135871
Goa,10/1/2006,544.0513149
Goa,1/1/2007,394.9754863
Goa,4/1/2007,686.3615653
Goa,7/1/2007,721.7034926
Goa,10/1/2007,679.5340976
Goa,1/1/2008,356.838358
Goa,4/1/2008,519.5860852
Goa,7/1/2008,819.487848
Goa,10/1/2008,505.4258361
Goa,1/1/2009,384.2839493
Goa,4/1/2009,824.704727
Goa,7/1/2009,803.557506
Goa,10/1/2009,652.4499891
Goa,1/1/2010,496.8648017
Goa,4/1/2010,648.417122
Goa,7/1/2010,529.074185
Goa,10/1/2010,456.3696634
Goa,1/1/2011,330.4620596
Goa,4/1/2011,690.1162217
Goa,7/1/2011,1153.24943
Goa,10/1/2011,590.6053253
Goa,1/1/2012,401.0533723
Goa,4/1/2012,810.7770923
Goa,7/1/2012,1308.854847
Goa,10/1/2012,524.6536985
Goa,1/1/2013,438.2820803
Goa,4/1/2013,637.0482396
Goa,7/1/2013,1238
Goa,10/1/2013,602.5448615
Goa,1/1/2014,467.1225467
Goa,4/1/2014,842.0360361
Goa,7/1/2014,545.1901414
Goa,10/1/2014,534.1065794
Goa,1/1/2015,492.9827281
Goa,4/1/2015,682.7899571
Goa,7/1/2015,937.2275527
Goa,10/1/2015,771.5283246
Goa,1/1/2016,421.7564345
Goa,4/1/2016,772.3607971
Goa,10/1/2016,676.8333698
Goa,1/1/2017,491.472012
Goa,4/1/2017,800.597546
Goa,7/1/2017,1126.450082
Goa,10/1/2017,851.1524661
Goa,1/1/2018,726.546835
Goa,4/1/2018,782.9377849
Goa,10/1/2018,671.889319
Goa,1/1/2019,484.0352194
Goa,4/1/2019,687.7563834
Goa,7/1/2019,567.0261793
Goa,10/1/2019,428.794696
Gujarat,4/1/2000,480.9752928
Gujarat,7/1/2000,1087.270886
Gujarat,10/1/2000,361.5594915
Gujarat,1/1/2001,354.5013609
Gujarat,4/1/2001,441.963183
Gujarat,7/1/2001,1820.299321
Gujarat,10/1/2001,331.6601866
Gujarat,1/1/2002,385.8027487
Gujarat,4/1/2002,487.8413975
Gujarat,7/1/2002,925.2638208
Gujarat,10/1/2002,399.1559447
Gujarat,1/1/2003,399.9590399
Gujarat,4/1/2003,511.6979316
Gujarat,7/1/2003,886.1800837
Gujarat,10/1/2003,339.3776979
Gujarat,1/1/2004,339.2932758
Gujarat,4/1/2004,558.1961002
Gujarat,7/1/2004,747.7796676
Gujarat,10/1/2004,454.827892
Gujarat,1/1/2005,358.9944018
Gujarat,4/1/2005,507.6158014
Gujarat,7/1/2005,1107.923846
Gujarat,10/1/2005,391.8707236
Gujarat,1/1/2006,361.3186648
Gujarat,4/1/2006,465.4307644
Gujarat,7/1/2006,1275.819345
Gujarat,10/1/2006,381.2202059
Gujarat,1/1/2007,419.5432048
Gujarat,4/1/2007,476.2579808
Gujarat,7/1/2007,894.1515305
Gujarat,10/1/2007,424.8738252
Gujarat,1/1/2008,420.7787279
Gujarat,4/1/2008,529.4071075
Gujarat,7/1/2008,1392.186213
Gujarat,10/1/2008,407.6395061
Gujarat,1/1/2009,492.6287392
Gujarat,4/1/2009,494.5427714
Gujarat,7/1/2009,795.7800451
Gujarat,10/1/2009,363.5170595
Gujarat,1/1/2010,414.1462764
Gujarat,4/1/2010,460.7263206
Gujarat,7/1/2010,1024.853617
Gujarat,10/1/2010,463.7145993
Gujarat,1/1/2011,319.1500889
Gujarat,4/1/2011,554.8948432
Gujarat,7/1/2011,1621.183632
Gujarat,10/1/2011,472.8420007
Gujarat,1/1/2012,415.863361
Gujarat,4/1/2012,498.5855542
Gujarat,7/1/2012,1234.919916
Gujarat,10/1/2012,487.6508262
Gujarat,1/1/2013,412.1962669
Gujarat,4/1/2013,550.1593814
Gujarat,7/1/2013,1010.190813
Gujarat,10/1/2013,404.3635411
Gujarat,1/1/2014,547.6396985
Gujarat,4/1/2014,499.8036074
Gujarat,7/1/2014,948.938167
Gujarat,10/1/2014,511.4254056
Gujarat,1/1/2015,412.9748601
Gujarat,4/1/2015,688.8053875
Gujarat,7/1/2015,1354.745588
Gujarat,10/1/2015,567.6502156
Gujarat,1/1/2016,439.9222197
Gujarat,4/1/2016,410.5433128
Gujarat,7/1/2016,978.3947098
Gujarat,10/1/2016,479.8447794
Gujarat,1/1/2017,512.0226497
Gujarat,4/1/2017,535.0082208
Gujarat,7/1/2017,950.2833969
Gujarat,10/1/2017,486.0653033
Gujarat,1/1/2018,489.5493894
Gujarat,4/1/2018,499.4396146
Gujarat,7/1/2018,1161.220446
Gujarat,10/1/2018,557.3592704
Gujarat,1/1/2019,406.7605479
Gujarat,4/1/2019,389.7590836
Gujarat,7/1/2019,917.8916889
Gujarat,10/1/2019,477.7138996
Haryana,4/1/2000,547.0351468
Haryana,7/1/2000,1304.084779
Haryana,10/1/2000,732.6887223
Haryana,1/1/2001,533.7269994
Haryana,4/1/2001,478.5544756
Haryana,7/1/2001,814.5813202
Haryana,10/1/2001,904.4415625
Haryana,1/1/2002,626.1138739
Haryana,4/1/2002,555.5998106
Haryana,7/1/2002,1279.848991
Haryana,10/1/2002,755.9556173
Haryana,1/1/2003,644.0918512
Haryana,4/1/2003,471.721364
Haryana,7/1/2003,899.03729
Haryana,10/1/2003,844.3267314
Haryana,1/1/2004,630.7219891
Haryana,4/1/2004,762.3167002
Haryana,7/1/2004,1190.415968
Haryana,10/1/2004,1052.515266
Haryana,1/1/2005,595.5496596
Haryana,4/1/2005,547.2409217
Haryana,7/1/2005,1200.349555
Haryana,10/1/2005,756.1379442
Haryana,1/1/2006,435.5767262
Haryana,4/1/2006,558.2356858
Haryana,7/1/2006,868.0451451
Haryana,10/1/2006,932.936228
Haryana,1/1/2007,610.3850299
Haryana,4/1/2007,515.3907731
Haryana,7/1/2007,913.8215814
Haryana,10/1/2007,642.3526299
Haryana,1/1/2008,515.7755735
Haryana,4/1/2008,413.8278714
Haryana,7/1/2008,1180.417994
Haryana,10/1/2008,871.818839
Haryana,1/1/2009,605.3228803
Haryana,4/1/2009,440.2132771
Haryana,7/1/2009,790.8897699
Haryana,10/1/2009,551.4967226
Haryana,1/1/2010,761.2499121
Haryana,4/1/2010,539.0984352
Haryana,7/1/2010,1117.159289
Haryana,10/1/2010,816.5335172
Haryana,1/1/2011,625.9249949
Haryana,4/1/2011,446.5335664
Haryana,7/1/2011,1381.398564
Haryana,10/1/2011,808.5039787
Haryana,1/1/2012,678.2433855
Haryana,4/1/2012,406.7799922
Haryana,7/1/2012,878.7888086
Haryana,10/1/2012,836.6317834
Haryana,1/1/2013,720.7304661
Haryana,4/1/2013,465.9842029
Haryana,7/1/2013,1085.352142
Haryana,10/1/2013,1083.301402
Haryana,1/1/2014,813.95452
Haryana,4/1/2014,389.2278693
Haryana,7/1/2014,1016.431164
Haryana,10/1/2014,957.1819223
Haryana,1/1/2015,668.4627881
Haryana,4/1/2015,494.1246996
Haryana,7/1/2015,1348.192946
Haryana,10/1/2015,769.2304366
Haryana,1/1/2016,967.3073059
Haryana,4/1/2016,439.8291409
Haryana,7/1/2016,1117.602897
Haryana,10/1/2016,777.9313275
Haryana,1/1/2017,756.4922962
Haryana,4/1/2017,535.4654116
Haryana,7/1/2017,965.5617181
Haryana,10/1/2017,835.0714419
Haryana,1/1/2018,627.2443415
Haryana,4/1/2018,527.9665936
Haryana,7/1/2018,1142.118249
Haryana,10/1/2018,686.073025
Haryana,1/1/2019,766.3619929
Haryana,4/1/2019,420.2864342
Haryana,7/1/2019,1616.750547
Haryana,10/1/2019,962.1510473
Himachal Pradesh,4/1/2000,244.6013897
Himachal Pradesh,7/1/2000,425.4629387
Himachal Pradesh,10/1/2000,221.1935554
Himachal Pradesh,1/1/2001,211.8277363
Himachal Pradesh,4/1/2001,244.5393348
Himachal Pradesh,7/1/2001,303.7644469
Himachal Pradesh,10/1/2001,277.0933985
Himachal Pradesh,1/1/2002,204.2498255
Himachal Pradesh,4/1/2002,315.659808
Himachal Pradesh,7/1/2002,417.4547669
Himachal Pradesh,10/1/2002,199.398805
Himachal Pradesh,1/1/2003,246.5871361
Himachal Pradesh,4/1/2003,291.0108779
Himachal Pradesh,7/1/2003,351.9660933
Himachal Pradesh,10/1/2003,177.1434074
Himachal Pradesh,1/1/2004,221.4285814
Himachal Pradesh,4/1/2004,399.1455968
Himachal Pradesh,7/1/2004,343.847278
Himachal Pradesh,10/1/2004,245.4062789
Himachal Pradesh,1/1/2005,183.7216127
Himachal Pradesh,4/1/2005,307.2207622
Himachal Pradesh,7/1/2005,375.8254267
Himachal Pradesh,10/1/2005,250.4544327
Himachal Pradesh,1/1/2006,174.4941455
Himachal Pradesh,4/1/2006,303.4172618
Himachal Pradesh,7/1/2006,332.6804577
Himachal Pradesh,10/1/2006,216.0802964
Himachal Pradesh,1/1/2007,227.7220951
Himachal Pradesh,4/1/2007,301.194458
Himachal Pradesh,7/1/2007,335.8103001
Himachal Pradesh,10/1/2007,159.8104442
Himachal Pradesh,1/1/2008,255.6613893
Himachal Pradesh,4/1/2008,288.7258323
Himachal Pradesh,7/1/2008,431.9034348
Himachal Pradesh,10/1/2008,242.1821334
Himachal Pradesh,1/1/2009,261.5508486
Himachal Pradesh,4/1/2009,265.8498635
Himachal Pradesh,7/1/2009,264.2164067
Himachal Pradesh,10/1/2009,177.7377326
Himachal Pradesh,1/1/2010,201.47416
Himachal Pradesh,4/1/2010,282.5728287
Himachal Pradesh,7/1/2010,354.6648901
Himachal Pradesh,10/1/2010,205.3850679
Himachal Pradesh,1/1/2011,216.9923395
Himachal Pradesh,4/1/2011,318.4760841
Himachal Pradesh,7/1/2011,413.5046254
Himachal Pradesh,10/1/2011,214.2202156
Himachal Pradesh,1/1/2012,268.9001649
Himachal Pradesh,4/1/2012,276.7172771
Himachal Pradesh,7/1/2012,363.7482297
Himachal Pradesh,10/1/2012,177.2654086
Himachal Pradesh,1/1/2013,217.5178529
Himachal Pradesh,4/1/2013,302.4354691
Himachal Pradesh,7/1/2013,371.2507276
Himachal Pradesh,10/1/2013,236.1585956
Himachal Pradesh,1/1/2014,209.4143392
Himachal Pradesh,4/1/2014,229.9347429
Himachal Pradesh,7/1/2014,450.0185646
Himachal Pradesh,10/1/2014,224.6919953
Himachal Pradesh,1/1/2015,215.8970308
Himachal Pradesh,4/1/2015,331.4193086
Himachal Pradesh,7/1/2015,278.7208808
Himachal Pradesh,10/1/2015,231.7295597
Himachal Pradesh,1/1/2016,313.8011097
Himachal Pradesh,4/1/2016,284.5998428
Himachal Pradesh,7/1/2016,333.5029936
Himachal Pradesh,10/1/2016,247.6361924
Himachal Pradesh,1/1/2017,227.7795669
Himachal Pradesh,4/1/2017,273.0066516
Himachal Pradesh,7/1/2017,303.5244506
Himachal Pradesh,10/1/2017,275.1901901
Himachal Pradesh,1/1/2018,261.9675733
Himachal Pradesh,4/1/2018,306.3188786
Himachal Pradesh,7/1/2018,279.4390746
Himachal Pradesh,10/1/2018,202.0302505
Himachal Pradesh,1/1/2019,223.6578982
Himachal Pradesh,4/1/2019,242.1780416
Himachal Pradesh,7/1/2019,392.9818453
Himachal Pradesh,10/1/2019,279.2362516
Jammu & Kashmir,4/1/2000,197.7484313
Jammu & Kashmir,7/1/2000,311.0654622
Jammu & Kashmir,10/1/2000,166.7106764
Jammu & Kashmir,1/1/2001,210.0270713
Jammu & Kashmir,4/1/2001,204.2327202
Jammu & Kashmir,7/1/2001,263.7599772
Jammu & Kashmir,10/1/2001,215.360522
Jammu & Kashmir,1/1/2002,222.3561712
Jammu & Kashmir,4/1/2002,261.4109896
Jammu & Kashmir,7/1/2002,325.706168
Jammu & Kashmir,10/1/2002,187.4005057
Jammu & Kashmir,1/1/2003,255.5840817
Jammu & Kashmir,4/1/2003,280.8069566
Jammu & Kashmir,7/1/2003,313.8749666
Jammu & Kashmir,10/1/2003,161.7108719
Jammu & Kashmir,1/1/2004,258.2941994
Jammu & Kashmir,4/1/2004,289.3900046
Jammu & Kashmir,7/1/2004,271.4206803
Jammu & Kashmir,10/1/2004,184.5926422
Jammu & Kashmir,1/1/2005,238.8547227
Jammu & Kashmir,4/1/2005,294.3950715
Jammu & Kashmir,7/1/2005,313.7956661
Jammu & Kashmir,10/1/2005,196.6992779
Jammu & Kashmir,1/1/2006,182.6106358
Jammu & Kashmir,4/1/2006,231.5262965
Jammu & Kashmir,7/1/2006,320.8447898
Jammu & Kashmir,10/1/2006,185.0612446
Jammu & Kashmir,1/1/2007,232.8850362
Jammu & Kashmir,4/1/2007,283.8606177
Jammu & Kashmir,7/1/2007,258.661454
Jammu & Kashmir,10/1/2007,187.0217965
Jammu & Kashmir,1/1/2008,201.1235258
Jammu & Kashmir,4/1/2008,260.8180445
Jammu & Kashmir,7/1/2008,351.1818056
Jammu & Kashmir,10/1/2008,207.0529535
Jammu & Kashmir,1/1/2009,240.7940334
Jammu & Kashmir,4/1/2009,272.1585644
Jammu & Kashmir,7/1/2009,285.5811948
Jammu & Kashmir,10/1/2009,206.2177766
Jammu & Kashmir,1/1/2010,234.9111119
Jammu & Kashmir,4/1/2010,260.5986957
Jammu & Kashmir,7/1/2010,324.6818831
Jammu & Kashmir,10/1/2010,204.3869684
Jammu & Kashmir,1/1/2011,265.1679521
Jammu & Kashmir,4/1/2011,240.9227576
Jammu & Kashmir,7/1/2011,408.8116648
Jammu & Kashmir,10/1/2011,201.1479329
Jammu & Kashmir,1/1/2012,303.95997
Jammu & Kashmir,4/1/2012,224.685319
Jammu & Kashmir,7/1/2012,349.7289646
Jammu & Kashmir,10/1/2012,182.7498242
Jammu & Kashmir,1/1/2013,257.8668781
Jammu & Kashmir,4/1/2013,305.4673112
Jammu & Kashmir,7/1/2013,311.4652411
Jammu & Kashmir,10/1/2013,221.3317694
Jammu & Kashmir,1/1/2014,224.8851364
Jammu & Kashmir,4/1/2014,181.3629026
Jammu & Kashmir,7/1/2014,324.6512741
Jammu & Kashmir,10/1/2014,237.8902616
Jammu & Kashmir,1/1/2015,215.4996598
Jammu & Kashmir,4/1/2015,250.9364428
Jammu & Kashmir,7/1/2015,331.9845676
Jammu & Kashmir,10/1/2015,201.0953371
Jammu & Kashmir,1/1/2016,227.4041869
Jammu & Kashmir,4/1/2016,228.7438243
Jammu & Kashmir,7/1/2016,310.9385373
Jammu & Kashmir,10/1/2016,264.9750106
Jammu & Kashmir,1/1/2017,296.6959015
Jammu & Kashmir,4/1/2017,193.3904211
Jammu & Kashmir,7/1/2017,303.6989102
Jammu & Kashmir,10/1/2017,269.1435756
Jammu & Kashmir,1/1/2018,219.7094567
Jammu & Kashmir,4/1/2018,219.4553393
Jammu & Kashmir,7/1/2018,295.6581559
Jammu & Kashmir,10/1/2018,203.6804354
Jammu & Kashmir,1/1/2019,210.6167837
Jammu & Kashmir,4/1/2019,212.818371
Jammu & Kashmir,7/1/2019,353.74895
Jammu & Kashmir,10/1/2019,258.3162578
Jharkhand,4/1/2000,607.7816044
Jharkhand,7/1/2000,614.8991264
Jharkhand,10/1/2000,515.6482567
Jharkhand,1/1/2001,494.357714
Jharkhand,4/1/2001,534.7227634
Jharkhand,7/1/2001,829.4131036
Jharkhand,10/1/2001,546.0040762
Jharkhand,1/1/2002,571.6331969
Jharkhand,4/1/2002,604.2559338
Jharkhand,7/1/2002,961.4389566
Jharkhand,10/1/2002,525.1308699
Jharkhand,1/1/2003,494.0379535
Jharkhand,4/1/2003,626.9164941
Jharkhand,7/1/2003,533.2220416
Jharkhand,10/1/2003,525.0223421
Jharkhand,1/1/2004,556.9823897
Jharkhand,4/1/2004,673.3664109
Jharkhand,7/1/2004,1043.832825
Jharkhand,10/1/2004,540.8581199
Jharkhand,1/1/2005,636.4571015
Jharkhand,4/1/2005,610.4387265
Jharkhand,7/1/2005,787.6693623
Jharkhand,10/1/2005,576.7777696
Jharkhand,1/1/2006,445.3205463
Jharkhand,4/1/2006,641.4287297
Jharkhand,7/1/2006,759.1019837
Jharkhand,10/1/2006,549.7427024
Jharkhand,1/1/2007,602.9333831
Jharkhand,4/1/2007,630.3237954
Jharkhand,7/1/2007,826.0105283
Jharkhand,10/1/2007,571.803872
Jharkhand,1/1/2008,554.6503586
Jharkhand,4/1/2008,580.3738717
Jharkhand,7/1/2008,833.547464
Jharkhand,10/1/2008,626.9813619
Jharkhand,1/1/2009,694.5771655
Jharkhand,4/1/2009,551.1797707
Jharkhand,7/1/2009,874.8342884
Jharkhand,10/1/2009,491.4142989
Jharkhand,1/1/2010,499.6726083
Jharkhand,4/1/2010,642.1332074
Jharkhand,7/1/2010,717.1967469
Jharkhand,10/1/2010,508.0728423
Jharkhand,1/1/2011,642.9176868
Jharkhand,4/1/2011,708.0417877
Jharkhand,7/1/2011,1020.229651
Jharkhand,10/1/2011,753.9130069
Jharkhand,1/1/2012,663.5811129
Jharkhand,4/1/2012,618.3624308
Jharkhand,7/1/2012,852.1595718
Jharkhand,10/1/2012,584.0101757
Jharkhand,1/1/2013,874.2633104
Jharkhand,4/1/2013,661.3476131
Jharkhand,7/1/2013,864.8607816
Jharkhand,10/1/2013,732.2810933
Jharkhand,1/1/2014,691.4138428
Jharkhand,4/1/2014,652.4132802
Jharkhand,7/1/2014,1273.239824
Jharkhand,10/1/2014,674.3435613
Jharkhand,1/1/2015,649.7992113
Jharkhand,4/1/2015,808.2159856
Jharkhand,7/1/2015,1101.047086
Jharkhand,10/1/2015,702.0316547
Jharkhand,1/1/2016,844.4206233
Jharkhand,4/1/2016,635.4917777
Jharkhand,7/1/2016,1147.49705
Jharkhand,10/1/2016,642.5388858
Jharkhand,1/1/2017,680.3658066
Jharkhand,4/1/2017,774.6629866
Jharkhand,7/1/2017,772.036752
Jharkhand,10/1/2017,737.165119
Jharkhand,1/1/2018,624.1739842
Jharkhand,4/1/2018,787.4000371
Jharkhand,7/1/2018,872.4163616
Jharkhand,10/1/2018,563.8555046
Jharkhand,1/1/2019,743.1884306
Jharkhand,4/1/2019,751.2985118
Jharkhand,7/1/2019,1055.857008
Jharkhand,10/1/2019,934.2585529
Karnataka,4/1/2000,532.7342597
Karnataka,7/1/2000,514.1576774
Karnataka,10/1/2000,443.2152486
Karnataka,1/1/2001,393.9240235
Karnataka,4/1/2001,469.4398927
Karnataka,7/1/2001,577.5754682
Karnataka,10/1/2001,374.0850754
Karnataka,1/1/2002,345.6274415
Karnataka,4/1/2002,484.0195882
Karnataka,7/1/2002,585.7230133
Karnataka,10/1/2002,407.1025199
Karnataka,1/1/2003,387.1189245
Karnataka,4/1/2003,462.3940138
Karnataka,7/1/2003,534.2281206
Karnataka,10/1/2003,413.8786058
Karnataka,1/1/2004,314.3009026
Karnataka,4/1/2004,455.669766
Karnataka,7/1/2004,428.9143095
Karnataka,10/1/2004,330.2977732
Karnataka,1/1/2005,377.4549685
Karnataka,4/1/2005,548.4726119
Karnataka,7/1/2005,524.0598583
Karnataka,10/1/2005,478.2678803
Karnataka,1/1/2006,320.578778
Karnataka,4/1/2006,612.4178553
Karnataka,7/1/2006,867.3164365
Karnataka,10/1/2006,435.1774243
Karnataka,1/1/2007,360.1584479
Karnataka,4/1/2007,565.6264333
Karnataka,7/1/2007,590.0083028
Karnataka,10/1/2007,530.3270883
Karnataka,1/1/2008,343.9681501
Karnataka,4/1/2008,504.1724957
Karnataka,7/1/2008,625.101005
Karnataka,10/1/2008,409.4926599
Karnataka,1/1/2009,335.2030221
Karnataka,4/1/2009,640.2431553
Karnataka,7/1/2009,575.4810327
Karnataka,10/1/2009,521.4781255
Karnataka,1/1/2010,440.0992755
Karnataka,4/1/2010,551.42657
Karnataka,7/1/2010,516.4995787
Karnataka,10/1/2010,453.7584128
Karnataka,1/1/2011,324.1519677
Karnataka,4/1/2011,624.4270604
Karnataka,7/1/2011,623.0292694
Karnataka,10/1/2011,517.4820806
Karnataka,1/1/2012,344.0014037
Karnataka,4/1/2012,650.6798465
Karnataka,7/1/2012,520.021406
Karnataka,10/1/2012,443.951597
Karnataka,1/1/2013,407.6945116
Karnataka,4/1/2013,594.0926802
Karnataka,7/1/2013,622.0485022
Karnataka,10/1/2013,449.4232363
Karnataka,1/1/2014,434.4504735
Karnataka,4/1/2014,795.9345733
Karnataka,7/1/2014,503.1735141
Karnataka,10/1/2014,526.9024243
Karnataka,1/1/2015,442.5751246
Karnataka,4/1/2015,620.8560913
Karnataka,7/1/2015,522.3609652
Karnataka,10/1/2015,577.6703614
Karnataka,1/1/2016,453.9524793
Karnataka,4/1/2016,594.7066861
Karnataka,7/1/2016,620.8196161
Karnataka,10/1/2016,506.0158879
Karnataka,1/1/2017,472.3039362
Karnataka,4/1/2017,730.2678663
Karnataka,7/1/2017,544.0007041
Karnataka,10/1/2017,562.4181992
Karnataka,1/1/2018,632.2876937
Karnataka,4/1/2018,715.4147893
Karnataka,7/1/2018,518.552927
Karnataka,10/1/2018,510.87216
Karnataka,1/1/2019,441.6081243
Karnataka,4/1/2019,593.8639705
Karnataka,7/1/2019,533.0172127
Karnataka,10/1/2019,431.2735986
Kerala,4/1/2000,604.1810002
Kerala,7/1/2000,482.2391341
Kerala,10/1/2000,394.6581299
Kerala,1/1/2001,364.3859008
Kerala,4/1/2001,425.1811534
Kerala,7/1/2001,432.443937
Kerala,10/1/2001,424.8298856
Kerala,1/1/2002,355.6383587
Kerala,4/1/2002,494.3010669
Kerala,7/1/2002,450.0963492
Kerala,10/1/2002,483.1165979
Kerala,1/1/2003,408.5526908
Kerala,4/1/2003,491.3383253
Kerala,7/1/2003,506.1375472
Kerala,10/1/2003,418.8569752
Kerala,1/1/2004,347.5536485
Kerala,4/1/2004,442.3260461
Kerala,7/1/2004,449.9068163
Kerala,10/1/2004,340.1643008
Kerala,1/1/2005,411.1123585
Kerala,4/1/2005,493.0142817
Kerala,7/1/2005,429.3486085
Kerala,10/1/2005,502.3879453
Kerala,1/1/2006,354.9199752
Kerala,4/1/2006,643.8872665
Kerala,7/1/2006,497.9956459
Kerala,10/1/2006,438.9650614
Kerala,1/1/2007,418.0457425
Kerala,4/1/2007,541.6403523
Kerala,7/1/2007,598.9304626
Kerala,10/1/2007,607.8949873
Kerala,1/1/2008,350.0504716
Kerala,4/1/2008,503.2131201
Kerala,7/1/2008,552.4798925
Kerala,10/1/2008,403.8896607
Kerala,1/1/2009,356.3151493
Kerala,4/1/2009,615.8433667
Kerala,7/1/2009,597.9121285
Kerala,10/1/2009,662.6702211
Kerala,1/1/2010,489.5108137
Kerala,4/1/2010,534.2602384
Kerala,7/1/2010,472.5132679
Kerala,10/1/2010,410.7727884
Kerala,1/1/2011,389.9592661
Kerala,4/1/2011,677.6494659
Kerala,7/1/2011,574.7911698
Kerala,10/1/2011,407.2543542
Kerala,1/1/2012,390.3996508
Kerala,4/1/2012,686.0626376
Kerala,7/1/2012,501.7800063
Kerala,10/1/2012,423.2689997
Kerala,1/1/2013,465.5081629
Kerala,4/1/2013,668.8928327
Kerala,7/1/2013,516.043868
Kerala,10/1/2013,437.399723
Kerala,1/1/2014,437.4378776
Kerala,4/1/2014,827.4073222
Kerala,7/1/2014,468.307582
Kerala,10/1/2014,463.7129415
Kerala,1/1/2015,532.7551994
Kerala,4/1/2015,600.0471452
Kerala,7/1/2015,443.8202348
Kerala,10/1/2015,512.2982736
Kerala,1/1/2016,497.1438682
Kerala,4/1/2016,701.5389417
Kerala,7/1/2016,457.6205152
Kerala,10/1/2016,572.6509574
Kerala,1/1/2017,528.0446895
Kerala,4/1/2017,844.350253
Kerala,7/1/2017,492.7603952
Kerala,10/1/2017,608.0870926
Kerala,1/1/2018,699.5835429
Kerala,4/1/2018,819.2077625
Kerala,7/1/2018,484.878122
Kerala,10/1/2018,625.813842
Kerala,1/1/2019,426.8860158
Kerala,4/1/2019,642.5624121
Kerala,7/1/2019,458.3390956
Kerala,10/1/2019,407.0562284
Lakshadweep,4/1/2000,479.5240412
Lakshadweep,7/1/2000,448.2486321
Lakshadweep,10/1/2000,286.2073431
Lakshadweep,1/1/2001,353.8110687
Lakshadweep,4/1/2001,417.7233377
Lakshadweep,7/1/2001,534.1412382
Lakshadweep,10/1/2001,307.800848
Lakshadweep,1/1/2002,285.0510541
Lakshadweep,4/1/2002,418.8222983
Lakshadweep,7/1/2002,417.8752113
Lakshadweep,10/1/2002,414.7683033
Lakshadweep,1/1/2003,313.3674174
Lakshadweep,4/1/2003,444.4950211
Lakshadweep,7/1/2003,467.9429562
Lakshadweep,10/1/2003,277.397529
Lakshadweep,1/1/2004,257.7113858
Lakshadweep,4/1/2004,409.7158527
Lakshadweep,7/1/2004,498.5138801
Lakshadweep,10/1/2004,197.5633489
Lakshadweep,1/1/2005,313.6167564
Lakshadweep,4/1/2005,387.8785489
Lakshadweep,7/1/2005,460.6652399
Lakshadweep,10/1/2005,323.0437107
Lakshadweep,1/1/2006,316.8261718
Lakshadweep,4/1/2006,482.0092344
Lakshadweep,7/1/2006,559.5166497
Lakshadweep,10/1/2006,279.651993
Lakshadweep,1/1/2007,413.4597157
Lakshadweep,4/1/2007,457.2019116
Lakshadweep,7/1/2007,630.6222119
Lakshadweep,10/1/2007,337.4623639
Lakshadweep,1/1/2008,304.787672
Lakshadweep,4/1/2008,436.706046
Lakshadweep,7/1/2008,557.621926
Lakshadweep,10/1/2008,245.8263455
Lakshadweep,1/1/2009,360.8580117
Lakshadweep,4/1/2009,526.2499325
Lakshadweep,7/1/2009,570.0068851
Lakshadweep,10/1/2009,388.166012
Lakshadweep,1/1/2010,364.5708461
Lakshadweep,4/1/2010,487.4207037
Lakshadweep,7/1/2010,228.4207219
Lakshadweep,10/1/2010,301.3825923
Lakshadweep,1/1/2011,350.4845233
Lakshadweep,4/1/2011,524.2618735
Lakshadweep,7/1/2011,580.5795753
Lakshadweep,10/1/2011,238.4990454
Lakshadweep,1/1/2012,311.8183095
Lakshadweep,4/1/2012,527.7656087
Lakshadweep,7/1/2012,518.1494841
Lakshadweep,10/1/2012,298.8395635
Lakshadweep,1/1/2013,433.4740927
Lakshadweep,4/1/2013,483.6249838
Lakshadweep,7/1/2013,510.4942147
Lakshadweep,10/1/2013,320.3622379
Lakshadweep,1/1/2014,461.1792011
Lakshadweep,4/1/2014,602.226294
Lakshadweep,7/1/2014,598.0885285
Lakshadweep,10/1/2014,313.3191381
Lakshadweep,1/1/2015,344.3368103
Lakshadweep,4/1/2015,422.90457
Lakshadweep,7/1/2015,408.6559111
Lakshadweep,10/1/2015,441.4636923
Lakshadweep,1/1/2016,337.6733496
Lakshadweep,4/1/2016,509.9841575
Lakshadweep,7/1/2016,494.8281085
Lakshadweep,10/1/2016,417.9877429
Lakshadweep,1/1/2017,397.8928535
Lakshadweep,4/1/2017,615.9389575
Lakshadweep,7/1/2017,451.5062021
Lakshadweep,10/1/2017,449.7446059
Lakshadweep,1/1/2018,440.9648219
Lakshadweep,4/1/2018,556.4872494
Lakshadweep,7/1/2018,471.2629729
Lakshadweep,10/1/2018,444.5849264
Lakshadweep,1/1/2019,354.7960268
Lakshadweep,4/1/2019,517.8504594
Lakshadweep,7/1/2019,430.526938
Lakshadweep,10/1/2019,196.0611078
Madhya Pradesh,4/1/2000,603.5317247
Madhya Pradesh,7/1/2000,438.3273803
Madhya Pradesh,10/1/2000,360.1730923
Madhya Pradesh,1/1/2001,398.2090306
Madhya Pradesh,4/1/2001,389.5260948
Madhya Pradesh,7/1/2001,601.3642051
Madhya Pradesh,10/1/2001,366.3492443
Madhya Pradesh,1/1/2002,413.0140297
Madhya Pradesh,4/1/2002,533.3031214
Madhya Pradesh,7/1/2002,792.321236
Madhya Pradesh,10/1/2002,357.0855102
Madhya Pradesh,1/1/2003,416.4944388
Madhya Pradesh,4/1/2003,495.7664856
Madhya Pradesh,7/1/2003,419.8701245
Madhya Pradesh,10/1/2003,368.6960064
Madhya Pradesh,1/1/2004,371.7943187
Madhya Pradesh,4/1/2004,608.0894612
Madhya Pradesh,7/1/2004,635.343742
Madhya Pradesh,10/1/2004,421.9169867
Madhya Pradesh,1/1/2005,462.3174597
Madhya Pradesh,4/1/2005,510.9513562
Madhya Pradesh,7/1/2005,619.2539623
Madhya Pradesh,10/1/2005,392.7413638
Madhya Pradesh,1/1/2006,336.3668504
Madhya Pradesh,4/1/2006,513.6716105
Madhya Pradesh,7/1/2006,728.1923304
Madhya Pradesh,10/1/2006,374.2183058
Madhya Pradesh,1/1/2007,427.7287513
Madhya Pradesh,4/1/2007,510.0925147
Madhya Pradesh,7/1/2007,547.4849554
Madhya Pradesh,10/1/2007,446.7604267
Madhya Pradesh,1/1/2008,557.4089485
Madhya Pradesh,4/1/2008,480.6687426
Madhya Pradesh,7/1/2008,753.8340899
Madhya Pradesh,10/1/2008,423.9391556
Madhya Pradesh,1/1/2009,525.8354739
Madhya Pradesh,4/1/2009,488.9381361
Madhya Pradesh,7/1/2009,486.2021152
Madhya Pradesh,10/1/2009,381.5898507
Madhya Pradesh,1/1/2010,366.1824638
Madhya Pradesh,4/1/2010,498.2049079
Madhya Pradesh,7/1/2010,567.3874789
Madhya Pradesh,10/1/2010,484.0516926
Madhya Pradesh,1/1/2011,400.1161636
Madhya Pradesh,4/1/2011,617.6248226
Madhya Pradesh,7/1/2011,1074.657745
Madhya Pradesh,10/1/2011,507.6265179
Madhya Pradesh,1/1/2012,457.3142999
Madhya Pradesh,4/1/2012,488.642196
Madhya Pradesh,7/1/2012,744.7894691
Madhya Pradesh,10/1/2012,457.4694032
Madhya Pradesh,1/1/2013,458.9128152
Madhya Pradesh,4/1/2013,555.5515626
Madhya Pradesh,7/1/2013,640.5761052
Madhya Pradesh,10/1/2013,481.8885813
Madhya Pradesh,1/1/2014,605.8227192
Madhya Pradesh,4/1/2014,504.3647996
Madhya Pradesh,7/1/2014,634.8660595
Madhya Pradesh,10/1/2014,509.5064874
Madhya Pradesh,1/1/2015,394.5414126
Madhya Pradesh,4/1/2015,651.0190359
Madhya Pradesh,7/1/2015,808.5559749
Madhya Pradesh,10/1/2015,548.2930123
Madhya Pradesh,1/1/2016,441.2175075
Madhya Pradesh,4/1/2016,460.8801291
Madhya Pradesh,7/1/2016,764.0669409
Madhya Pradesh,10/1/2016,462.7016521
Madhya Pradesh,1/1/2017,624.5303815
Madhya Pradesh,4/1/2017,540.4005975
Madhya Pradesh,7/1/2017,568.4090468
Madhya Pradesh,10/1/2017,462.7088531
Madhya Pradesh,1/1/2018,430.3740964
Madhya Pradesh,4/1/2018,535.7451916
Madhya Pradesh,7/1/2018,881.1403533
Madhya Pradesh,10/1/2018,442.3307328
Madhya Pradesh,1/1/2019,505.3766718
Madhya Pradesh,4/1/2019,433.7454735
Madhya Pradesh,7/1/2019,700.0609734
Madhya Pradesh,10/1/2019,543.4468115
Maharashtra,4/1/2000,530.1106478
Maharashtra,7/1/2000,641.5356289
Maharashtra,10/1/2000,421.0625974
Maharashtra,1/1/2001,437.7756418
Maharashtra,4/1/2001,488.7610044
Maharashtra,7/1/2001,619.7421617
Maharashtra,10/1/2001,344.3879011
Maharashtra,1/1/2002,350.096998
Maharashtra,4/1/2002,491.759681
Maharashtra,7/1/2002,672.6232461
Maharashtra,10/1/2002,372.3940764
Maharashtra,1/1/2003,441.61633
Maharashtra,4/1/2003,443.9198576
Maharashtra,7/1/2003,553.7681487
Maharashtra,10/1/2003,381.4793409
Maharashtra,1/1/2004,371.8002824
Maharashtra,4/1/2004,482.1310645
Maharashtra,7/1/2004,478.1805574
Maharashtra,10/1/2004,372.7776255
Maharashtra,1/1/2005,389.8194586
Maharashtra,4/1/2005,536.6743775
Maharashtra,7/1/2005,498.1288169
Maharashtra,10/1/2005,403.5927671
Maharashtra,1/1/2006,332.9399336
Maharashtra,4/1/2006,479.1526304
Maharashtra,7/1/2006,809.2785865
Maharashtra,10/1/2006,453.7072539
Maharashtra,1/1/2007,412.6895174
Maharashtra,4/1/2007,524.8907984
Maharashtra,7/1/2007,519.165811
Maharashtra,10/1/2007,438.2904407
Maharashtra,1/1/2008,440.4077336
Maharashtra,4/1/2008,508.231449
Maharashtra,7/1/2008,866.5979897
Maharashtra,10/1/2008,426.7659197
Maharashtra,1/1/2009,479.9523032
Maharashtra,4/1/2009,540.8656914
Maharashtra,7/1/2009,566.9496934
Maharashtra,10/1/2009,414.4245407
Maharashtra,1/1/2010,457.1709929
Maharashtra,4/1/2010,498.9483964
Maharashtra,7/1/2010,543.4760681
Maharashtra,10/1/2010,514.7603233
Maharashtra,1/1/2011,349.4300178
Maharashtra,4/1/2011,619.6502828
Maharashtra,7/1/2011,826.7613515
Maharashtra,10/1/2011,550.4432969
Maharashtra,1/1/2012,422.7913259
Maharashtra,4/1/2012,565.4466107
Maharashtra,7/1/2012,599.385189
Maharashtra,10/1/2012,516.4636644
Maharashtra,1/1/2013,481.8839064
Maharashtra,4/1/2013,557.969601
Maharashtra,7/1/2013,656.8983088
Maharashtra,10/1/2013,480.3174535
Maharashtra,1/1/2014,617.7743213
Maharashtra,4/1/2014,621.6322248
Maharashtra,7/1/2014,532.4854666
Maharashtra,10/1/2014,551.1915106
Maharashtra,1/1/2015,454.4336391
Maharashtra,4/1/2015,617.3111264
Maharashtra,7/1/2015,896.6093256
Maharashtra,10/1/2015,760.7425253
Maharashtra,1/1/2016,464.3436063
Maharashtra,4/1/2016,516.3510357
Maharashtra,7/1/2016,544.4278683
Maharashtra,10/1/2016,504.5997851
Maharashtra,1/1/2017,554.3420855
Maharashtra,4/1/2017,561.6186941
Maharashtra,7/1/2017,624.0615776
Maharashtra,10/1/2017,553.5273234
Maharashtra,1/1/2018,584.2483948
Maharashtra,4/1/2018,542.4925553
Maharashtra,7/1/2018,662.5824003
Maharashtra,10/1/2018,595.0120394
Maharashtra,1/1/2019,546.4376105
Maharashtra,4/1/2019,474.9354175
Maharashtra,7/1/2019,496.0126743
Maharashtra,10/1/2019,580.4116756
Manipur,4/1/2000,418.0181888
Manipur,7/1/2000,413.8283861
Manipur,10/1/2000,272.1313713
Manipur,1/1/2001,212.4284367
Manipur,4/1/2001,418.4027183
Manipur,7/1/2001,363.1448369
Manipur,10/1/2001,127.9561308
Manipur,1/1/2002,251.8556567
Manipur,4/1/2002,426.0302357
Manipur,7/1/2002,784.0845733
Manipur,10/1/2002,218.6765685
Manipur,1/1/2003,182.8025641
Manipur,4/1/2003,434.8730508
Manipur,7/1/2003,369.6272393
Manipur,10/1/2003,241.9695982
Manipur,1/1/2004,164.5170005
Manipur,4/1/2004,479.0508861
Manipur,7/1/2004,369.8273693
Manipur,10/1/2004,157.4243719
Manipur,1/1/2005,236.8533093
Manipur,4/1/2005,520.429954
Manipur,7/1/2005,355.3209171
Manipur,10/1/2005,240.0191586
Manipur,1/1/2006,262.384781
Manipur,4/1/2006,462.9381367
Manipur,7/1/2006,400.1620035
Manipur,10/1/2006,195.4766506
Manipur,1/1/2007,340.0989094
Manipur,4/1/2007,545.0284631
Manipur,7/1/2007,399.5092803
Manipur,10/1/2007,139.0142637
Manipur,1/1/2008,255.5837995
Manipur,4/1/2008,558.3616741
Manipur,7/1/2008,416.2647644
Manipur,10/1/2008,139.7616339
Manipur,1/1/2009,296.997556
Manipur,4/1/2009,575.9250283
Manipur,7/1/2009,393.0822124
Manipur,10/1/2009,184.6203974
Manipur,1/1/2010,132.075499
Manipur,4/1/2010,565.0373131
Manipur,7/1/2010,383.7344311
Manipur,10/1/2010,214.328322
Manipur,1/1/2011,382.1995977
Manipur,4/1/2011,563.1331497
Manipur,7/1/2011,571.2456719
Manipur,10/1/2011,245.9143124
Manipur,1/1/2012,299.5986489
Manipur,4/1/2012,623.9892353
Manipur,7/1/2012,397.9818175
Manipur,10/1/2012,142.8125245
Manipur,1/1/2013,260.9171245
Manipur,4/1/2013,572.2831616
Manipur,7/1/2013,444.7595516
Manipur,10/1/2013,346.1625826
Manipur,1/1/2014,209.8324978
Manipur,4/1/2014,573.3027076
Manipur,7/1/2014,423.7767155
Manipur,10/1/2014,214.7455959
Manipur,1/1/2015,190.3947278
Manipur,4/1/2015,549.5249456
Manipur,7/1/2015,480.9033445
Manipur,10/1/2015,231.652046
Manipur,1/1/2016,424.4654978
Manipur,4/1/2016,633.1257935
Manipur,7/1/2016,458.3790104
Manipur,10/1/2016,181.585483
Manipur,1/1/2017,185.3984348
Manipur,4/1/2017,654.1563544
Manipur,7/1/2017,342.4663298
Manipur,10/1/2017,278.2040076
Manipur,1/1/2018,278.0098379
Manipur,4/1/2018,639.1728913
Manipur,7/1/2018,417.0255555
Manipur,10/1/2018,344.580671
Manipur,1/1/2019,182.3996649
Manipur,4/1/2019,536.1148524
Manipur,7/1/2019,530.6752775
Manipur,10/1/2019,263.4120954
Meghalaya,4/1/2000,394.5090835
Meghalaya,7/1/2000,324.1574724
Meghalaya,10/1/2000,232.7343604
Meghalaya,1/1/2001,492.8339496
Meghalaya,4/1/2001,446.8618959
Meghalaya,7/1/2001,236.3619304
Meghalaya,10/1/2001,111.1706705
Meghalaya,1/1/2002,345.5452841
Meghalaya,4/1/2002,463.7479801
Meghalaya,7/1/2002,470.7216329
Meghalaya,10/1/2002,269.8299468
Meghalaya,1/1/2003,372.1253178
Meghalaya,4/1/2003,469.0994221
Meghalaya,7/1/2003,219.449406
Meghalaya,10/1/2003,303.6203184
Meghalaya,1/1/2004,316.7018044
Meghalaya,4/1/2004,520.9344259
Meghalaya,7/1/2004,350.0028099
Meghalaya,10/1/2004,256.068244
Meghalaya,1/1/2005,446.7087342
Meghalaya,4/1/2005,551.7013835
Meghalaya,7/1/2005,302.2404487
Meghalaya,10/1/2005,202.6244148
Meghalaya,1/1/2006,537.3625456
Meghalaya,4/1/2006,416.7107421
Meghalaya,7/1/2006,229.4776047
Meghalaya,10/1/2006,205.3098374
Meghalaya,1/1/2007,603.4212061
Meghalaya,4/1/2007,571.8253679
Meghalaya,7/1/2007,294.1296016
Meghalaya,10/1/2007,232.6642103
Meghalaya,1/1/2008,509.5219053
Meghalaya,4/1/2008,595.2734027
Meghalaya,7/1/2008,266.8233287
Meghalaya,10/1/2008,153.0080391
Meghalaya,1/1/2009,552.6987304
Meghalaya,4/1/2009,592.7667174
Meghalaya,7/1/2009,232.4144229
Meghalaya,10/1/2009,255.0264396
Meghalaya,1/1/2010,263.3806995
Meghalaya,4/1/2010,552.1341797
Meghalaya,7/1/2010,278.4011885
Meghalaya,10/1/2010,183.7862089
Meghalaya,1/1/2011,556.1598928
Meghalaya,4/1/2011,606.2147314
Meghalaya,7/1/2011,388.7412776
Meghalaya,10/1/2011,349.4813436
Meghalaya,1/1/2012,535.4474738
Meghalaya,4/1/2012,542.6341712
Meghalaya,7/1/2012,293.3152912
Meghalaya,10/1/2012,227.8171753
Meghalaya,1/1/2013,466.0961768
Meghalaya,4/1/2013,603.8529448
Meghalaya,7/1/2013,265.9669475
Meghalaya,10/1/2013,344.2420943
Meghalaya,1/1/2014,429.5967377
Meghalaya,4/1/2014,540.8704658
Meghalaya,7/1/2014,319.1534639
Meghalaya,10/1/2014,258.461096
Meghalaya,1/1/2015,333.0572856
Meghalaya,4/1/2015,501.6171436
Meghalaya,7/1/2015,211.9345762
Meghalaya,10/1/2015,293.7501047
Meghalaya,1/1/2016,679.0964376
Meghalaya,4/1/2016,566.5744014
Meghalaya,7/1/2016,405.1938552
Meghalaya,10/1/2016,169.2884597
Meghalaya,1/1/2017,390.4506103
Meghalaya,4/1/2017,687.0428651
Meghalaya,7/1/2017,225.6819959
Meghalaya,10/1/2017,332.6533992
Meghalaya,1/1/2018,546.1776162
Meghalaya,4/1/2018,701.5629682
Meghalaya,7/1/2018,386.4662146
Meghalaya,10/1/2018,426.1221893
Meghalaya,1/1/2019,379.2039975
Meghalaya,4/1/2019,638.8559131
Meghalaya,7/1/2019,399.9556924
Meghalaya,10/1/2019,352.0971658
Mizoram,4/1/2000,491.490511
Mizoram,7/1/2000,338.936169
Mizoram,10/1/2000,227.5677285
Mizoram,1/1/2001,186.6315623
Mizoram,4/1/2001,547.7014372
Mizoram,7/1/2001,246.5839918
Mizoram,10/1/2001,125.0718301
Mizoram,1/1/2002,196.2191402
Mizoram,4/1/2002,499.3541449
Mizoram,7/1/2002,526.0112907
Mizoram,10/1/2002,192.4140841
Mizoram,1/1/2003,180.7427202
Mizoram,4/1/2003,469.5851308
Mizoram,7/1/2003,252.1049392
Mizoram,10/1/2003,182.8324134
Mizoram,1/1/2004,182.0521147
Mizoram,4/1/2004,485.5635147
Mizoram,7/1/2004,363.9602337
Mizoram,10/1/2004,149.5416618
Mizoram,1/1/2005,207.6528935
Mizoram,4/1/2005,562.9474369
Mizoram,7/1/2005,238.3722785
Mizoram,10/1/2005,199.0855681
Mizoram,1/1/2006,213.5951513
Mizoram,4/1/2006,653.5063819
Mizoram,7/1/2006,296.4097202
Mizoram,10/1/2006,205.5040062
Mizoram,1/1/2007,321.8097132
Mizoram,4/1/2007,657.4723625
Mizoram,7/1/2007,320.8393416
Mizoram,10/1/2007,96.50247539
Mizoram,1/1/2008,225.7629499
Mizoram,4/1/2008,550.2189755
Mizoram,7/1/2008,352.4289913
Mizoram,10/1/2008,139.2567233
Mizoram,1/1/2009,275.4554774
Mizoram,4/1/2009,603.4304536
Mizoram,7/1/2009,311.7216778
Mizoram,10/1/2009,177.4361936
Mizoram,1/1/2010,120.6774774
Mizoram,4/1/2010,583.1047913
Mizoram,7/1/2010,326.0157816
Mizoram,10/1/2010,180.3151515
Mizoram,1/1/2011,321.274777
Mizoram,4/1/2011,646.8279671
Mizoram,7/1/2011,514.2383598
Mizoram,10/1/2011,229.6797501
Mizoram,1/1/2012,256.4676224
Mizoram,4/1/2012,642.4808633
Mizoram,7/1/2012,322.3043835
Mizoram,10/1/2012,129.038104
Mizoram,1/1/2013,220.8756292
Mizoram,4/1/2013,671.3579443
Mizoram,7/1/2013,369.0442209
Mizoram,10/1/2013,264.0242245
Mizoram,1/1/2014,192.5325647
Mizoram,4/1/2014,742.5695157
Mizoram,7/1/2014,377.5703041
Mizoram,10/1/2014,199.9166418
Mizoram,1/1/2015,196.5608338
Mizoram,4/1/2015,714.4981831
Mizoram,7/1/2015,526.243757
Mizoram,10/1/2015,217.6797386
Mizoram,1/1/2016,381.9000762
Mizoram,4/1/2016,792.078705
Mizoram,7/1/2016,426.9487519
Mizoram,10/1/2016,155.9212351
Mizoram,1/1/2017,169.2101739
Mizoram,4/1/2017,653.1729225
Mizoram,7/1/2017,257.764079
Mizoram,10/1/2017,334.3024401
Mizoram,1/1/2018,291.7736483
Mizoram,4/1/2018,749.8991834
Mizoram,7/1/2018,340.4803663
Mizoram,10/1/2018,315.8884834
Mizoram,1/1/2019,157.6716022
Mizoram,4/1/2019,674.0591881
Mizoram,7/1/2019,388.6733941
Mizoram,10/1/2019,255.192877
Nagaland,4/1/2000,416.0360586
Nagaland,7/1/2000,326.857347
Nagaland,10/1/2000,248.6224235
Nagaland,1/1/2001,298.4581901
Nagaland,4/1/2001,494.4299932
Nagaland,7/1/2001,235.6912494
Nagaland,10/1/2001,145.9218157
Nagaland,1/1/2002,238.3048487
Nagaland,4/1/2002,465.8338525
Nagaland,7/1/2002,540.7961075
Nagaland,10/1/2002,211.7752398
Nagaland,1/1/2003,287.9648774
Nagaland,4/1/2003,502.5410571
Nagaland,7/1/2003,221.9306116
Nagaland,10/1/2003,260.1049075
Nagaland,1/1/2004,192.2936566
Nagaland,4/1/2004,417.3633238
Nagaland,7/1/2004,334.9726653
Nagaland,10/1/2004,151.0319886
Nagaland,1/1/2005,276.5172308
Nagaland,4/1/2005,567.3686515
Nagaland,7/1/2005,320.9810892
Nagaland,10/1/2005,219.1845409
Nagaland,1/1/2006,354.2132861
Nagaland,4/1/2006,481.6045016
Nagaland,7/1/2006,265.9931959
Nagaland,10/1/2006,160.8511117
Nagaland,1/1/2007,434.9610986
Nagaland,4/1/2007,468.6062322
Nagaland,7/1/2007,257.6180316
Nagaland,10/1/2007,162.3665151
Nagaland,1/1/2008,344.9143012
Nagaland,4/1/2008,624.4848081
Nagaland,7/1/2008,223.4342438
Nagaland,10/1/2008,131.7382378
Nagaland,1/1/2009,408.8402243
Nagaland,4/1/2009,622.2410346
Nagaland,7/1/2009,271.4057443
Nagaland,10/1/2009,144.5144024
Nagaland,1/1/2010,190.0155561
Nagaland,4/1/2010,605.8956508
Nagaland,7/1/2010,319.1109268
Nagaland,10/1/2010,206.0421269
Nagaland,1/1/2011,433.9266627
Nagaland,4/1/2011,610.1026248
Nagaland,7/1/2011,436.1032158
Nagaland,10/1/2011,272.9370793
Nagaland,1/1/2012,419.3042646
Nagaland,4/1/2012,632.3370323
Nagaland,7/1/2012,371.9975192
Nagaland,10/1/2012,148.5315219
Nagaland,1/1/2013,309.9075195
Nagaland,4/1/2013,567.7242628
Nagaland,7/1/2013,425.4896262
Nagaland,10/1/2013,282.0427378
Nagaland,1/1/2014,309.6417178
Nagaland,4/1/2014,636.1012612
Nagaland,7/1/2014,321.4224952
Nagaland,10/1/2014,241.1983979
Nagaland,1/1/2015,240.591703
Nagaland,4/1/2015,538.0947312
Nagaland,7/1/2015,303.0272345
Nagaland,10/1/2015,214.1950601
Nagaland,1/1/2016,434.0041906
Nagaland,4/1/2016,563.5329497
Nagaland,7/1/2016,349.6184214
Nagaland,10/1/2016,181.6057187
Nagaland,1/1/2017,247.09568
Nagaland,4/1/2017,739.5028353
Nagaland,7/1/2017,337.2006754
Nagaland,10/1/2017,296.2763352
Nagaland,1/1/2018,369.6718616
Nagaland,4/1/2018,638.7395561
Nagaland,7/1/2018,399.754179
Nagaland,10/1/2018,381.5197395
Nagaland,1/1/2019,231.4916157
Nagaland,4/1/2019,534.3630843
Nagaland,7/1/2019,519.1332166
Nagaland,10/1/2019,319.528942
NCT of Delhi,4/1/2000,514.0884476
NCT of Delhi,7/1/2000,1401.227569
NCT of Delhi,10/1/2000,1012.128842
NCT of Delhi,1/1/2001,646.2844495
NCT of Delhi,4/1/2001,492.4020425
NCT of Delhi,7/1/2001,760.708901
NCT of Delhi,10/1/2001,1201.152478
NCT of Delhi,1/1/2002,659.3945935
NCT of Delhi,4/1/2002,505.1102183
NCT of Delhi,7/1/2002,1115.469715
NCT of Delhi,10/1/2002,831.9451607
NCT of Delhi,1/1/2003,828.0865451
NCT of Delhi,4/1/2003,499.1956316
NCT of Delhi,7/1/2003,961.9899034
NCT of Delhi,10/1/2003,1169.677303
NCT of Delhi,1/1/2004,795.8057926
NCT of Delhi,4/1/2004,705.3377414
NCT of Delhi,7/1/2004,1213.796896
NCT of Delhi,10/1/2004,1318.416591
NCT of Delhi,1/1/2005,668.6807587
NCT of Delhi,4/1/2005,518.2307826
NCT of Delhi,7/1/2005,1180.890889
NCT of Delhi,10/1/2005,879.5715758
NCT of Delhi,1/1/2006,458.9363124
NCT of Delhi,4/1/2006,553.5071826
NCT of Delhi,7/1/2006,627.8038535
NCT of Delhi,10/1/2006,1103.878871
NCT of Delhi,1/1/2007,708.6096304
NCT of Delhi,4/1/2007,546.6231403
NCT of Delhi,7/1/2007,939.2942215
NCT of Delhi,10/1/2007,742.7615127
NCT of Delhi,1/1/2008,585.0807381
NCT of Delhi,4/1/2008,424.7523395
NCT of Delhi,7/1/2008,1406.032301
NCT of Delhi,10/1/2008,1037.510199
NCT of Delhi,1/1/2009,657.3713435
NCT of Delhi,4/1/2009,436.4152702
NCT of Delhi,7/1/2009,629.5462435
NCT of Delhi,10/1/2009,613.4175327
NCT of Delhi,1/1/2010,1125.779205
NCT of Delhi,4/1/2010,546.0788123
NCT of Delhi,7/1/2010,1213.094642
NCT of Delhi,10/1/2010,966.1621852
NCT of Delhi,1/1/2011,766.3172901
NCT of Delhi,4/1/2011,540.9656343
NCT of Delhi,7/1/2011,1562.592385
NCT of Delhi,10/1/2011,1012.58045
NCT of Delhi,1/1/2012,744.5448108
NCT of Delhi,4/1/2012,473.2671615
NCT of Delhi,7/1/2012,725.3078669
NCT of Delhi,10/1/2012,1207.763096
NCT of Delhi,1/1/2013,818.7701366
NCT of Delhi,4/1/2013,531.5522831
NCT of Delhi,7/1/2013,1447.594118
NCT of Delhi,10/1/2013,1465.815153
NCT of Delhi,1/1/2014,1116.142926
NCT of Delhi,4/1/2014,407.863633
NCT of Delhi,7/1/2014,839.2383064
NCT of Delhi,10/1/2014,1196.49897
NCT of Delhi,1/1/2015,850.2816348
NCT of Delhi,4/1/2015,571.5411679
NCT of Delhi,7/1/2015,1096.628211
NCT of Delhi,10/1/2015,905.3760724
NCT of Delhi,1/1/2016,1011.485273
NCT of Delhi,4/1/2016,544.0907533
NCT of Delhi,7/1/2016,847.2362331
NCT of Delhi,10/1/2016,880.9065797
NCT of Delhi,1/1/2017,910.2254776
NCT of Delhi,4/1/2017,540.7958034
NCT of Delhi,7/1/2017,997.8140188
NCT of Delhi,10/1/2017,974.1806238
NCT of Delhi,1/1/2018,733.8829798
NCT of Delhi,4/1/2018,569.3046647
NCT of Delhi,7/1/2018,1300.951353
NCT of Delhi,10/1/2018,798.2418397
NCT of Delhi,1/1/2019,879.8195095
NCT of Delhi,4/1/2019,506.3847234
NCT of Delhi,7/1/2019,1917.605516
NCT of Delhi,10/1/2019,1348.030054
Odisha,4/1/2000,688.3836087
Odisha,7/1/2000,496.9378421
Odisha,10/1/2000,434.6364771
Odisha,1/1/2001,493.1641345
Odisha,4/1/2001,480.7599064
Odisha,7/1/2001,767.8224626
Odisha,10/1/2001,425.4099017
Odisha,1/1/2002,407.9084175
Odisha,4/1/2002,556.1976148
Odisha,7/1/2002,834.2025036
Odisha,10/1/2002,440.6063865
Odisha,1/1/2003,454.3064972
Odisha,4/1/2003,581.9723433
Odisha,7/1/2003,632.9154179
Odisha,10/1/2003,445.6944271
Odisha,1/1/2004,412.2878556
Odisha,4/1/2004,572.1218567
Odisha,7/1/2004,727.0297878
Odisha,10/1/2004,464.201385
Odisha,1/1/2005,558.2842741
Odisha,4/1/2005,640.3514719
Odisha,7/1/2005,536.5467335
Odisha,10/1/2005,565.6033802
Odisha,1/1/2006,373.5909999
Odisha,4/1/2006,668.2204116
Odisha,7/1/2006,660.2842062
Odisha,10/1/2006,514.7510724
Odisha,1/1/2007,515.0389144
Odisha,4/1/2007,688.0867971
Odisha,7/1/2007,683.9676914
Odisha,10/1/2007,520.8098233
Odisha,1/1/2008,456.6745603
Odisha,4/1/2008,724.3732047
Odisha,7/1/2008,804.1748907
Odisha,10/1/2008,595.7201008
Odisha,1/1/2009,565.4556185
Odisha,4/1/2009,595.9607778
Odisha,7/1/2009,772.5508517
Odisha,10/1/2009,497.1884486
Odisha,1/1/2010,484.1261264
Odisha,4/1/2010,602.0111463
Odisha,7/1/2010,640.0426441
Odisha,10/1/2010,563.7474259
Odisha,1/1/2011,505.3591809
Odisha,4/1/2011,695.7888409
Odisha,7/1/2011,733.8061987
Odisha,10/1/2011,617.0550371
Odisha,1/1/2012,570.6475509
Odisha,4/1/2012,673.5880215
Odisha,7/1/2012,854.0092671
Odisha,10/1/2012,608.9416664
Odisha,1/1/2013,643.0641249
Odisha,4/1/2013,833.2962066
Odisha,7/1/2013,608.1673891
Odisha,10/1/2013,514.5216688
Odisha,1/1/2014,757.0323546
Odisha,4/1/2014,965.2404372
Odisha,7/1/2014,980.0454551
Odisha,10/1/2014,713.0610292
Odisha,1/1/2015,618.6075667
Odisha,4/1/2015,791.8044449
Odisha,7/1/2015,1076.418624
Odisha,10/1/2015,836.959249
Odisha,1/1/2016,723.1931406
Odisha,4/1/2016,854.4317165
Odisha,7/1/2016,667.0432344
Odisha,10/1/2016,620.679035
Odisha,1/1/2017,668.4531672
Odisha,4/1/2017,880.5539987
Odisha,7/1/2017,1102.864015
Odisha,10/1/2017,696.8707401
Odisha,1/1/2018,597.7296023
Odisha,4/1/2018,786.1362579
Odisha,7/1/2018,799.4277116
Odisha,10/1/2018,700.6311895
Odisha,1/1/2019,725.847662
Odisha,4/1/2019,834.8198313
Odisha,7/1/2019,896.3825925
Odisha,10/1/2019,718.7526734
Puducherry,4/1/2000,499.7197514
Puducherry,7/1/2000,455.4262913
Puducherry,10/1/2000,437.3686678
Puducherry,1/1/2001,407.8721689
Puducherry,4/1/2001,338.0688039
Puducherry,7/1/2001,405.2790604
Puducherry,10/1/2001,449.6968449
Puducherry,1/1/2002,418.4542023
Puducherry,4/1/2002,397.2674434
Puducherry,7/1/2002,405.0806264
Puducherry,10/1/2002,404.8426981
Puducherry,1/1/2003,429.7401526
Puducherry,4/1/2003,435.0976996
Puducherry,7/1/2003,401.7144951
Puducherry,10/1/2003,409.8545775
Puducherry,1/1/2004,358.6012293
Puducherry,4/1/2004,406.4941197
Puducherry,7/1/2004,417.5443095
Puducherry,10/1/2004,456.3514304
Puducherry,1/1/2005,451.9037076
Puducherry,4/1/2005,457.3304845
Puducherry,7/1/2005,367.3276956
Puducherry,10/1/2005,449.5857248
Puducherry,1/1/2006,400.202233
Puducherry,4/1/2006,599.3014731
Puducherry,7/1/2006,528.8243918
Puducherry,10/1/2006,456.4940234
Puducherry,1/1/2007,460.5884724
Puducherry,4/1/2007,522.1654852
Puducherry,7/1/2007,476.4438879
Puducherry,10/1/2007,539.4017743
Puducherry,1/1/2008,428.1408222
Puducherry,4/1/2008,567.3610712
Puducherry,7/1/2008,533.6991289
Puducherry,10/1/2008,474.1858779
Puducherry,1/1/2009,453.9632431
Puducherry,4/1/2009,636.397176
Puducherry,7/1/2009,513.5938676
Puducherry,10/1/2009,578.7741972
Puducherry,1/1/2010,541.3152785
Puducherry,4/1/2010,520.6761203
Puducherry,7/1/2010,437.1792872
Puducherry,10/1/2010,457.1372175
Puducherry,1/1/2011,441.6153095
Puducherry,4/1/2011,584.0193162
Puducherry,7/1/2011,458.1912569
Puducherry,10/1/2011,642.8808631
Puducherry,1/1/2012,397.0324261
Puducherry,4/1/2012,542.6029626
Puducherry,7/1/2012,500.7938293
Puducherry,10/1/2012,537.3323779
Puducherry,1/1/2013,523.4945096
Puducherry,4/1/2013,624.6439411
Puducherry,7/1/2013,470.2108818
Puducherry,10/1/2013,462.6622769
Puducherry,1/1/2014,538.6158472
Puducherry,4/1/2014,822.6863466
Puducherry,7/1/2014,503.5000424
Puducherry,10/1/2014,488.8617458
Puducherry,1/1/2015,540.2153749
Puducherry,4/1/2015,543.7700972
Puducherry,7/1/2015,541.4414541
Puducherry,10/1/2015,599.3361026
Puducherry,1/1/2016,602.8436741
Puducherry,4/1/2016,547.5777193
Puducherry,7/1/2016,501.598411
Puducherry,10/1/2016,727.974726
Puducherry,1/1/2017,609.8481177
Puducherry,4/1/2017,958.2155766
Puducherry,7/1/2017,478.6518086
Puducherry,10/1/2017,552.9294874
Puducherry,1/1/2018,747.2595617
Puducherry,4/1/2018,708.2845442
Puducherry,7/1/2018,496.3058778
Puducherry,10/1/2018,621.0737693
Puducherry,1/1/2019,646.7122024
Puducherry,4/1/2019,540.7584853
Puducherry,7/1/2019,416.5136706
Puducherry,10/1/2019,511.53248
Punjab,4/1/2000,432.2021272
Punjab,7/1/2000,957.4478805
Punjab,10/1/2000,675.6743355
Punjab,1/1/2001,507.1868564
Punjab,4/1/2001,402.991089
Punjab,7/1/2001,789.3810912
Punjab,10/1/2001,780.6356063
Punjab,1/1/2002,533.0597057
Punjab,4/1/2002,500.7908622
Punjab,7/1/2002,1402.336636
Punjab,10/1/2002,850.9249768
Punjab,1/1/2003,591.6799877
Punjab,4/1/2003,429.4361396
Punjab,7/1/2003,1079.502485
Punjab,10/1/2003,754.7139904
Punjab,1/1/2004,523.3473408
Punjab,4/1/2004,680.9423123
Punjab,7/1/2004,1106.983108
Punjab,10/1/2004,833.4670873
Punjab,1/1/2005,474.1249393
Punjab,4/1/2005,521.1671599
Punjab,7/1/2005,1092.610425
Punjab,10/1/2005,873.7313549
Punjab,1/1/2006,378.5232999
Punjab,4/1/2006,493.2763295
Punjab,7/1/2006,893.4128785
Punjab,10/1/2006,689.2480392
Punjab,1/1/2007,532.8730933
Punjab,4/1/2007,485.1389726
Punjab,7/1/2007,887.4739869
Punjab,10/1/2007,575.6721941
Punjab,1/1/2008,414.6562359
Punjab,4/1/2008,390.9893994
Punjab,7/1/2008,1200.941496
Punjab,10/1/2008,857.9888085
Punjab,1/1/2009,532.2497737
Punjab,4/1/2009,402.4657024
Punjab,7/1/2009,859.5309595
Punjab,10/1/2009,561.8847929
Punjab,1/1/2010,639.3908116
Punjab,4/1/2010,451.6323101
Punjab,7/1/2010,1100.055995
Punjab,10/1/2010,814.3827135
Punjab,1/1/2011,597.215309
Punjab,4/1/2011,434.9793674
Punjab,7/1/2011,1390.228569
Punjab,10/1/2011,605.8172814
Punjab,1/1/2012,644.9104756
Punjab,4/1/2012,417.9072291
Punjab,7/1/2012,1149.231083
Punjab,10/1/2012,612.8364543
Punjab,1/1/2013,637.4140098
Punjab,4/1/2013,479.1411772
Punjab,7/1/2013,1284.207545
Punjab,10/1/2013,956.5953715
Punjab,1/1/2014,651.2058631
Punjab,4/1/2014,334.2593379
Punjab,7/1/2014,1140.294894
Punjab,10/1/2014,839.2735293
Punjab,1/1/2015,589.3943486
Punjab,4/1/2015,513.5350691
Punjab,7/1/2015,1467.586697
Punjab,10/1/2015,753.2119198
Punjab,1/1/2016,784.3116166
Punjab,4/1/2016,377.0565552
Punjab,7/1/2016,1173.571487
Punjab,10/1/2016,894.028318
Punjab,1/1/2017,617.0111365
Punjab,4/1/2017,453.4476232
Punjab,7/1/2017,1250.967959
Punjab,10/1/2017,898.0518274
Punjab,1/1/2018,594.4293307
Punjab,4/1/2018,473.6138736
Punjab,7/1/2018,1172.476175
Punjab,10/1/2018,615.3952409
Punjab,1/1/2019,633.9311436
Punjab,4/1/2019,378.1455994
Punjab,7/1/2019,1534.296756
Punjab,10/1/2019,1018.15013
Rajasthan,4/1/2000,595.6242683
Rajasthan,7/1/2000,723.4131955
Rajasthan,10/1/2000,356.2579727
Rajasthan,1/1/2001,400.2741454
Rajasthan,4/1/2001,487.6535454
Rajasthan,7/1/2001,978.7467109
Rajasthan,10/1/2001,422.6359906
Rajasthan,1/1/2002,482.9766581
Rajasthan,4/1/2002,586.0936356
Rajasthan,7/1/2002,845.1429385
Rajasthan,10/1/2002,417.3474863
Rajasthan,1/1/2003,380.3708037
Rajasthan,4/1/2003,547.2007667
Rajasthan,7/1/2003,639.9264103
Rajasthan,10/1/2003,440.1130569
Rajasthan,1/1/2004,383.5016032
Rajasthan,4/1/2004,723.149777
Rajasthan,7/1/2004,893.3701134
Rajasthan,10/1/2004,569.3118471
Rajasthan,1/1/2005,430.404891
Rajasthan,4/1/2005,558.019717
Rajasthan,7/1/2005,788.2670846
Rajasthan,10/1/2005,447.9030077
Rajasthan,1/1/2006,390.6240169
Rajasthan,4/1/2006,631.31916
Rajasthan,7/1/2006,1054.528669
Rajasthan,10/1/2006,453.365701
Rajasthan,1/1/2007,473.6793865
Rajasthan,4/1/2007,507.3415839
Rajasthan,7/1/2007,729.1727746
Rajasthan,10/1/2007,454.2225012
Rajasthan,1/1/2008,501.0839265
Rajasthan,4/1/2008,554.2082653
Rajasthan,7/1/2008,986.0697005
Rajasthan,10/1/2008,437.1274612
Rajasthan,1/1/2009,557.2029125
Rajasthan,4/1/2009,516.7970471
Rajasthan,7/1/2009,595.2712084
Rajasthan,10/1/2009,464.3187477
Rajasthan,1/1/2010,429.4877669
Rajasthan,4/1/2010,601.9845322
Rajasthan,7/1/2010,826.8700078
Rajasthan,10/1/2010,490.1055448
Rajasthan,1/1/2011,447.5616072
Rajasthan,4/1/2011,566.3994939
Rajasthan,7/1/2011,1226.788973
Rajasthan,10/1/2011,472.879722
Rajasthan,1/1/2012,541.3662453
Rajasthan,4/1/2012,489.6994129
Rajasthan,7/1/2012,797.3789906
Rajasthan,10/1/2012,467.5076014
Rajasthan,1/1/2013,498.2709757
Rajasthan,4/1/2013,624.279975
Rajasthan,7/1/2013,945.980567
Rajasthan,10/1/2013,511.150569
Rajasthan,1/1/2014,600.2019582
Rajasthan,4/1/2014,490.6308778
Rajasthan,7/1/2014,764.7998376
Rajasthan,10/1/2014,527.1119408
Rajasthan,1/1/2015,490.5336792
Rajasthan,4/1/2015,682.802137
Rajasthan,7/1/2015,1085.043907
Rajasthan,10/1/2015,480.5853353
Rajasthan,1/1/2016,539.8841475
Rajasthan,4/1/2016,497.9581773
Rajasthan,7/1/2016,953.0403962
Rajasthan,10/1/2016,433.5170563
Rajasthan,1/1/2017,593.4163427
Rajasthan,4/1/2017,608.0397939
Rajasthan,7/1/2017,754.5481704
Rajasthan,10/1/2017,477.5303735
Rajasthan,1/1/2018,488.51966
Rajasthan,4/1/2018,561.4404441
Rajasthan,7/1/2018,1089.087431
Rajasthan,10/1/2018,497.4700961
Rajasthan,1/1/2019,555.2267997
Rajasthan,4/1/2019,472.234616
Rajasthan,7/1/2019,1003.076923
Rajasthan,10/1/2019,477.6416801
Sikkim,4/1/2000,408.8464984
Sikkim,7/1/2000,242.9564802
Sikkim,10/1/2000,111.1308954
Sikkim,1/1/2001,206.7947173
Sikkim,4/1/2001,332.3622587
Sikkim,7/1/2001,122.1440857
Sikkim,10/1/2001,100.4205136
Sikkim,1/1/2002,129.7795185
Sikkim,4/1/2002,222.3604363
Sikkim,7/1/2002,373.6262615
Sikkim,10/1/2002,171.2878757
Sikkim,1/1/2003,146.3607586
Sikkim,4/1/2003,258.4559597
Sikkim,7/1/2003,223.5696579
Sikkim,10/1/2003,177.716465
Sikkim,1/1/2004,146.7445391
Sikkim,4/1/2004,489.4503477
Sikkim,7/1/2004,330.7406076
Sikkim,10/1/2004,157.4630834
Sikkim,1/1/2005,203.1391219
Sikkim,4/1/2005,390.0309273
Sikkim,7/1/2005,291.664463
Sikkim,10/1/2005,166.7204748
Sikkim,1/1/2006,184.1276082
Sikkim,4/1/2006,277.3897808
Sikkim,7/1/2006,176.2374138
Sikkim,10/1/2006,148.0392772
Sikkim,1/1/2007,202.4180411
Sikkim,4/1/2007,282.4016352
Sikkim,7/1/2007,313.0631686
Sikkim,10/1/2007,202.2821286
Sikkim,1/1/2008,179.9291567
Sikkim,4/1/2008,334.7754489
Sikkim,7/1/2008,278.60746
Sikkim,10/1/2008,130.7898781
Sikkim,1/1/2009,252.9698015
Sikkim,4/1/2009,308.032352
Sikkim,7/1/2009,263.745845
Sikkim,10/1/2009,175.8386988
Sikkim,1/1/2010,156.2507141
Sikkim,4/1/2010,523.32461
Sikkim,7/1/2010,292.884295
Sikkim,10/1/2010,158.1157323
Sikkim,1/1/2011,173.9701404
Sikkim,4/1/2011,329.9650256
Sikkim,7/1/2011,230.3266287
Sikkim,10/1/2011,194.008782
Sikkim,1/1/2012,223.9282031
Sikkim,4/1/2012,338.1437742
Sikkim,7/1/2012,287.1996191
Sikkim,10/1/2012,159.2965403
Sikkim,1/1/2013,201.7578415
Sikkim,4/1/2013,452.4855591
Sikkim,7/1/2013,273.87283
Sikkim,10/1/2013,130.0608491
Sikkim,1/1/2014,200.556586
Sikkim,4/1/2014,418.9260506
Sikkim,7/1/2014,283.32506
Sikkim,10/1/2014,187.5573276
Sikkim,1/1/2015,147.6206595
Sikkim,4/1/2015,285.7433055
Sikkim,7/1/2015,167.7392551
Sikkim,10/1/2015,175.6243585
Sikkim,1/1/2016,205.7972787
Sikkim,4/1/2016,557.737295
Sikkim,7/1/2016,296.7164905
Sikkim,10/1/2016,123.7362596
Sikkim,1/1/2017,190.529797
Sikkim,4/1/2017,341.4618949
Sikkim,7/1/2017,158.5660943
Sikkim,10/1/2017,131.8180592
Sikkim,1/1/2018,191.7225643
Sikkim,4/1/2018,427.6921145
Sikkim,7/1/2018,280.0305525
Sikkim,10/1/2018,153.1322782
Sikkim,1/1/2019,186.7307142
Sikkim,4/1/2019,332.2748582
Sikkim,7/1/2019,300.4347627
Sikkim,10/1/2019,146.0269318
Tamil Nadu,4/1/2000,597.5484844
Tamil Nadu,7/1/2000,437.0543324
Tamil Nadu,10/1/2000,466.9989918
Tamil Nadu,1/1/2001,382.0076549
Tamil Nadu,4/1/2001,410.270141
Tamil Nadu,7/1/2001,437.4170062
Tamil Nadu,10/1/2001,433.3264684
Tamil Nadu,1/1/2002,368.6971827
Tamil Nadu,4/1/2002,470.0879856
Tamil Nadu,7/1/2002,436.8182525
Tamil Nadu,10/1/2002,422.1721016
Tamil Nadu,1/1/2003,386.8787271
Tamil Nadu,4/1/2003,468.9308141
Tamil Nadu,7/1/2003,366.2276991
Tamil Nadu,10/1/2003,385.343313
Tamil Nadu,1/1/2004,298.1080448
Tamil Nadu,4/1/2004,494.0304249
Tamil Nadu,7/1/2004,402.4917894
Tamil Nadu,10/1/2004,419.2943935
Tamil Nadu,1/1/2005,388.1473532
Tamil Nadu,4/1/2005,467.9715354
Tamil Nadu,7/1/2005,368.2565248
Tamil Nadu,10/1/2005,485.6176028
Tamil Nadu,1/1/2006,324.2382351
Tamil Nadu,4/1/2006,635.0354599
Tamil Nadu,7/1/2006,503.4680652
Tamil Nadu,10/1/2006,402.0094353
Tamil Nadu,1/1/2007,419.4055729
Tamil Nadu,4/1/2007,515.6836917
Tamil Nadu,7/1/2007,469.6855761
Tamil Nadu,10/1/2007,515.6809952
Tamil Nadu,1/1/2008,385.5506053
Tamil Nadu,4/1/2008,529.8768292
Tamil Nadu,7/1/2008,458.8035066
Tamil Nadu,10/1/2008,441.1041834
Tamil Nadu,1/1/2009,379.6380159
Tamil Nadu,4/1/2009,567.9151437
Tamil Nadu,7/1/2009,494.9157036
Tamil Nadu,10/1/2009,530.9021995
Tamil Nadu,1/1/2010,464.3916231
Tamil Nadu,4/1/2010,537.5756019
Tamil Nadu,7/1/2010,391.3524063
Tamil Nadu,10/1/2010,398.8556482
Tamil Nadu,1/1/2011,380.448959
Tamil Nadu,4/1/2011,683.6462461
Tamil Nadu,7/1/2011,537.0123268
Tamil Nadu,10/1/2011,651.2330451
Tamil Nadu,1/1/2012,327.1694383
Tamil Nadu,4/1/2012,490.4004843
Tamil Nadu,7/1/2012,408.4415835
Tamil Nadu,10/1/2012,397.2602392
Tamil Nadu,1/1/2013,429.7736225
Tamil Nadu,4/1/2013,636.5416668
Tamil Nadu,7/1/2013,470.1241794
Tamil Nadu,10/1/2013,425.3844422
Tamil Nadu,1/1/2014,428.0213507
Tamil Nadu,4/1/2014,636.3673331
Tamil Nadu,7/1/2014,426.0632205
Tamil Nadu,10/1/2014,638.6279362
Tamil Nadu,1/1/2015,472.3793758
Tamil Nadu,4/1/2015,496.2280872
Tamil Nadu,7/1/2015,464.4098969
Tamil Nadu,10/1/2015,430.3107568
Tamil Nadu,1/1/2016,495.8053295
Tamil Nadu,4/1/2016,584.8436847
Tamil Nadu,7/1/2016,444.647714
Tamil Nadu,10/1/2016,595.601802
Tamil Nadu,1/1/2017,489.9965844
Tamil Nadu,4/1/2017,803.2880934
Tamil Nadu,7/1/2017,453.0294663
Tamil Nadu,10/1/2017,546.3371613
Tamil Nadu,1/1/2018,721.6667917
Tamil Nadu,4/1/2018,667.3073301
Tamil Nadu,7/1/2018,498.8613734
Tamil Nadu,10/1/2018,674.2779589
Tamil Nadu,1/1/2019,469.4498118
Tamil Nadu,4/1/2019,525.183912
Tamil Nadu,7/1/2019,442.025115
Tamil Nadu,10/1/2019,460.1797052
Tripura,4/1/2000,349.4412293
Tripura,7/1/2000,332.5343438
Tripura,10/1/2000,303.6157492
Tripura,1/1/2001,485.3171487
Tripura,4/1/2001,474.0882931
Tripura,7/1/2001,264.8208448
Tripura,10/1/2001,127.2285442
Tripura,1/1/2002,450.0838705
Tripura,4/1/2002,491.2901968
Tripura,7/1/2002,774.9528146
Tripura,10/1/2002,248.3429872
Tripura,1/1/2003,461.728105
Tripura,4/1/2003,473.5624705
Tripura,7/1/2003,235.2383547
Tripura,10/1/2003,238.4142741
Tripura,1/1/2004,415.536421
Tripura,4/1/2004,509.5371533
Tripura,7/1/2004,396.5097585
Tripura,10/1/2004,247.6279125
Tripura,1/1/2005,483.6178096
Tripura,4/1/2005,560.1765547
Tripura,7/1/2005,279.9498334
Tripura,10/1/2005,243.1219318
Tripura,1/1/2006,495.8246889
Tripura,4/1/2006,409.8476405
Tripura,7/1/2006,218.1846555
Tripura,10/1/2006,249.2272726
Tripura,1/1/2007,744.6498215
Tripura,4/1/2007,539.814359
Tripura,7/1/2007,376.631879
Tripura,10/1/2007,169.4203977
Tripura,1/1/2008,600.5090643
Tripura,4/1/2008,479.083903
Tripura,7/1/2008,315.7206225
Tripura,10/1/2008,168.0585544
Tripura,1/1/2009,590.0154078
Tripura,4/1/2009,598.8940906
Tripura,7/1/2009,233.1034028
Tripura,10/1/2009,269.6271465
Tripura,1/1/2010,340.3039358
Tripura,4/1/2010,595.5648781
Tripura,7/1/2010,400.9488274
Tripura,10/1/2010,254.7981789
Tripura,1/1/2011,746.6852174
Tripura,4/1/2011,663.8575109
Tripura,7/1/2011,615.999307
Tripura,10/1/2011,416.2134329
Tripura,1/1/2012,637.6045571
Tripura,4/1/2012,528.8798063
Tripura,7/1/2012,393.3885558
Tripura,10/1/2012,261.4101559
Tripura,1/1/2013,600.5137009
Tripura,4/1/2013,574.3469291
Tripura,7/1/2013,364.8802816
Tripura,10/1/2013,407.9851068
Tripura,1/1/2014,511.2552976
Tripura,4/1/2014,717.7374037
Tripura,7/1/2014,411.5617296
Tripura,10/1/2014,301.9811526
Tripura,1/1/2015,506.8430788
Tripura,4/1/2015,750.6729992
Tripura,7/1/2015,455.7921692
Tripura,10/1/2015,468.9763774
Tripura,1/1/2016,862.4729272
Tripura,4/1/2016,991.7713619
Tripura,7/1/2016,440.1198843
Tripura,10/1/2016,188.2576838
Tripura,1/1/2017,454.3150002
Tripura,4/1/2017,705.9817197
Tripura,7/1/2017,342.4657781
Tripura,10/1/2017,445.8843569
Tripura,1/1/2018,843.76314
Tripura,4/1/2018,755.1043448
Tripura,7/1/2018,418.149505
Tripura,10/1/2018,639.6931712
Tripura,1/1/2019,408.4233056
Tripura,4/1/2019,774.4754971
Tripura,7/1/2019,383.3471412
Tripura,10/1/2019,398.477307
Uttar Pradesh,4/1/2000,512.4091885
Uttar Pradesh,7/1/2000,724.4606384
Uttar Pradesh,10/1/2000,593.740665
Uttar Pradesh,1/1/2001,620.4405958
Uttar Pradesh,4/1/2001,419.3303665
Uttar Pradesh,7/1/2001,484.4005659
Uttar Pradesh,10/1/2001,763.8945421
Uttar Pradesh,1/1/2002,646.367063
Uttar Pradesh,4/1/2002,491.2836991
Uttar Pradesh,7/1/2002,1285.110174
Uttar Pradesh,10/1/2002,612.3037689
Uttar Pradesh,1/1/2003,754.1561924
Uttar Pradesh,4/1/2003,476.6894478
Uttar Pradesh,7/1/2003,642.3763892
Uttar Pradesh,10/1/2003,576.7599117
Uttar Pradesh,1/1/2004,734.5332498
Uttar Pradesh,4/1/2004,668.5500433
Uttar Pradesh,7/1/2004,1010.345058
Uttar Pradesh,10/1/2004,717.7157035
Uttar Pradesh,1/1/2005,636.5167018
Uttar Pradesh,4/1/2005,549.2462001
Uttar Pradesh,7/1/2005,582.4357961
Uttar Pradesh,10/1/2005,710.1006497
Uttar Pradesh,1/1/2006,572.6145623
Uttar Pradesh,4/1/2006,600.0398221
Uttar Pradesh,7/1/2006,470.2576055
Uttar Pradesh,10/1/2006,659.3618856
Uttar Pradesh,1/1/2007,764.9166079
Uttar Pradesh,4/1/2007,589.2129302
Uttar Pradesh,7/1/2007,673.5738018
Uttar Pradesh,10/1/2007,660.990916
Uttar Pradesh,1/1/2008,702.8830607
Uttar Pradesh,4/1/2008,411.2688885
Uttar Pradesh,7/1/2008,635.4544049
Uttar Pradesh,10/1/2008,810.5231847
Uttar Pradesh,1/1/2009,723.7294558
Uttar Pradesh,4/1/2009,478.8849083
Uttar Pradesh,7/1/2009,741.0742603
Uttar Pradesh,10/1/2009,565.6700067
Uttar Pradesh,1/1/2010,796.3140735
Uttar Pradesh,4/1/2010,536.827655
Uttar Pradesh,7/1/2010,769.7541348
Uttar Pradesh,10/1/2010,660.2668904
Uttar Pradesh,1/1/2011,802.2506007
Uttar Pradesh,4/1/2011,554.6522923
Uttar Pradesh,7/1/2011,1394.866422
Uttar Pradesh,10/1/2011,868.633117
Uttar Pradesh,1/1/2012,745.2753584
Uttar Pradesh,4/1/2012,440.7422717
Uttar Pradesh,7/1/2012,781.1412973
Uttar Pradesh,10/1/2012,699.1382536
Uttar Pradesh,1/1/2013,965.0258908
Uttar Pradesh,4/1/2013,500.3718019
Uttar Pradesh,7/1/2013,749.3888235
Uttar Pradesh,10/1/2013,980.6507066
Uttar Pradesh,1/1/2014,965.9494029
Uttar Pradesh,4/1/2014,398.3534765
Uttar Pradesh,7/1/2014,960.1084467
Uttar Pradesh,10/1/2014,837.8742833
Uttar Pradesh,1/1/2015,813.6886267
Uttar Pradesh,4/1/2015,554.469967
Uttar Pradesh,7/1/2015,860.9306851
Uttar Pradesh,10/1/2015,683.2344471
Uttar Pradesh,1/1/2016,1012.435201
Uttar Pradesh,4/1/2016,513.0817103
Uttar Pradesh,7/1/2016,868.2893314
Uttar Pradesh,10/1/2016,785.8841267
Uttar Pradesh,1/1/2017,802.295038
Uttar Pradesh,4/1/2017,579.9426906
Uttar Pradesh,7/1/2017,546.1382498
Uttar Pradesh,10/1/2017,799.9828244
Uttar Pradesh,1/1/2018,850.2430125
Uttar Pradesh,4/1/2018,597.6414403
Uttar Pradesh,7/1/2018,874.1858587
Uttar Pradesh,10/1/2018,560.6158203
Uttar Pradesh,1/1/2019,871.0384359
Uttar Pradesh,4/1/2019,482.3737051
Uttar Pradesh,7/1/2019,1532.065093
Uttar Pradesh,10/1/2019,972.017992
Uttarakhand,4/1/2000,295.6366356
Uttarakhand,7/1/2000,385.4688805
Uttarakhand,10/1/2000,230.9971592
Uttarakhand,1/1/2001,200.0085962
Uttarakhand,4/1/2001,326.0221262
Uttarakhand,7/1/2001,259.853208
Uttarakhand,10/1/2001,360.0116025
Uttarakhand,1/1/2002,213.1464158
Uttarakhand,4/1/2002,425.0534299
Uttarakhand,7/1/2002,578.0755148
Uttarakhand,10/1/2002,227.6549827
Uttarakhand,1/1/2003,261.3866003
Uttarakhand,4/1/2003,341.6680931
Uttarakhand,7/1/2003,356.3074565
Uttarakhand,10/1/2003,157.3214177
Uttarakhand,1/1/2004,251.5872368
Uttarakhand,4/1/2004,555.0111499
Uttarakhand,7/1/2004,421.7520239
Uttarakhand,10/1/2004,229.0562905
Uttarakhand,1/1/2005,201.5265091
Uttarakhand,4/1/2005,418.5800357
Uttarakhand,7/1/2005,312.1203639
Uttarakhand,10/1/2005,269.9086277
Uttarakhand,1/1/2006,196.7263931
Uttarakhand,4/1/2006,354.8482486
Uttarakhand,7/1/2006,226.6360168
Uttarakhand,10/1/2006,269.6264118
Uttarakhand,1/1/2007,284.5611127
Uttarakhand,4/1/2007,359.1234526
Uttarakhand,7/1/2007,376.6579382
Uttarakhand,10/1/2007,195.5949494
Uttarakhand,1/1/2008,262.0203292
Uttarakhand,4/1/2008,461.7044727
Uttarakhand,7/1/2008,286.8112876
Uttarakhand,10/1/2008,264.7869883
Uttarakhand,1/1/2009,270.06886
Uttarakhand,4/1/2009,600.153749
Uttarakhand,7/1/2009,351.7282613
Uttarakhand,10/1/2009,156.4237279
Uttarakhand,1/1/2010,214.0136944
Uttarakhand,4/1/2010,460.7141562
Uttarakhand,7/1/2010,416.1656818
Uttarakhand,10/1/2010,210.4602664
Uttarakhand,1/1/2011,237.326133
Uttarakhand,4/1/2011,404.788475
Uttarakhand,7/1/2011,544.3748175
Uttarakhand,10/1/2011,273.4167218
Uttarakhand,1/1/2012,245.9665381
Uttarakhand,4/1/2012,339.9355186
Uttarakhand,7/1/2012,412.9683532
Uttarakhand,10/1/2012,195.4405561
Uttarakhand,1/1/2013,237.1964989
Uttarakhand,4/1/2013,309.8786126
Uttarakhand,7/1/2013,361.6139757
Uttarakhand,10/1/2013,329.9561487
Uttarakhand,1/1/2014,236.2154369
Uttarakhand,4/1/2014,291.4002317
Uttarakhand,7/1/2014,497.2354541
Uttarakhand,10/1/2014,323.3746852
Uttarakhand,1/1/2015,213.6360727
Uttarakhand,4/1/2015,319.8456907
Uttarakhand,7/1/2015,384.5951829
Uttarakhand,10/1/2015,272.5441176
Uttarakhand,1/1/2016,375.2034572
Uttarakhand,4/1/2016,920.7036219
Uttarakhand,7/1/2016,394.0777718
Uttarakhand,10/1/2016,298.687729
Uttarakhand,1/1/2017,281.0712995
Uttarakhand,4/1/2017,370.8580332
Uttarakhand,7/1/2017,291.2347055
Uttarakhand,10/1/2017,302.3547033
Uttarakhand,1/1/2018,340.4555633
Uttarakhand,4/1/2018,416.3817026
Uttarakhand,7/1/2018,392.766961
Uttarakhand,10/1/2018,213.3525609
Uttarakhand,1/1/2019,261.8637736
Uttarakhand,4/1/2019,310.6609513
Uttarakhand,7/1/2019,495.0131381
Uttarakhand,10/1/2019,345.7528654
West Bengal,4/1/2000,564.877139
West Bengal,7/1/2000,424.9203672
West Bengal,10/1/2000,536.5828424
West Bengal,1/1/2001,715.0083277
West Bengal,4/1/2001,484.8482743
West Bengal,7/1/2001,652.2912822
West Bengal,10/1/2001,318.1349549
West Bengal,1/1/2002,680.1673773
West Bengal,4/1/2002,592.9804869
West Bengal,7/1/2002,1067.213045
West Bengal,10/1/2002,485.4056545
West Bengal,1/1/2003,698.2002553
West Bengal,4/1/2003,591.1337586
West Bengal,7/1/2003,459.9506692
West Bengal,10/1/2003,519.0112444
West Bengal,1/1/2004,743.465252
West Bengal,4/1/2004,612.3193939
West Bengal,7/1/2004,941.0408181
West Bengal,10/1/2004,448.3017303
West Bengal,1/1/2005,798.7595483
West Bengal,4/1/2005,618.107491
West Bengal,7/1/2005,560.2160045
West Bengal,10/1/2005,459.9182499
West Bengal,1/1/2006,699.8964317
West Bengal,4/1/2006,622.7661552
West Bengal,7/1/2006,586.4555894
West Bengal,10/1/2006,537.7891107
West Bengal,1/1/2007,859.2156766
West Bengal,4/1/2007,596.409686
West Bengal,7/1/2007,630.240761
West Bengal,10/1/2007,534.0025967
West Bengal,1/1/2008,788.3219354
West Bengal,4/1/2008,586.6560097
West Bengal,7/1/2008,725.1449398
West Bengal,10/1/2008,417.3962208
West Bengal,1/1/2009,1026.336881
West Bengal,4/1/2009,571.913374
West Bengal,7/1/2009,585.3671461
West Bengal,10/1/2009,520.6185111
West Bengal,1/1/2010,675.1544245
West Bengal,4/1/2010,686.612343
West Bengal,7/1/2010,472.6735343
West Bengal,10/1/2010,498.8261883
West Bengal,1/1/2011,980.2345093
West Bengal,4/1/2011,687.9094361
West Bengal,7/1/2011,714.0384045
West Bengal,10/1/2011,770.7713338
West Bengal,1/1/2012,942.088996
West Bengal,4/1/2012,636.7747892
West Bengal,7/1/2012,685.7803717
West Bengal,10/1/2012,502.403668
West Bengal,1/1/2013,1080.40333
West Bengal,4/1/2013,699.1408383
West Bengal,7/1/2013,541.0321237
West Bengal,10/1/2013,678.3144366
West Bengal,1/1/2014,904.1876712
West Bengal,4/1/2014,719.627828
West Bengal,7/1/2014,967.5830735
West Bengal,10/1/2014,584.5479283
West Bengal,1/1/2015,775.9558141
West Bengal,4/1/2015,783.5868304
West Bengal,7/1/2015,1031.381491
West Bengal,10/1/2015,716.5447075
West Bengal,1/1/2016,1227.847417
West Bengal,4/1/2016,685.7734659
West Bengal,7/1/2016,777.1832276
West Bengal,10/1/2016,489.4083433
West Bengal,1/1/2017,838.5993947
West Bengal,4/1/2017,756.6793439
West Bengal,7/1/2017,653.6400535
West Bengal,10/1/2017,702.657311
West Bengal,1/1/2018,977.5902602
West Bengal,4/1/2018,787.8207468
West Bengal,7/1/2018,706.0433737
West Bengal,10/1/2018,655.5866116
West Bengal,1/1/2019,856.0903483
West Bengal,4/1/2019,751.7262001
West Bengal,7/1/2019,837.3403809
West Bengal,10/1/2019,758.5957126
