ST_NM,date,population
Andaman & Nicobar Island,2000-01-01,0.4010454273610951
Andaman & Nicobar Island,2001-01-01,0.40361169584674234
Andaman & Nicobar Island,2002-01-01,0.40606995326768297
Andaman & Nicobar Island,2003-01-01,0.4086199498344656
Andaman & Nicobar Island,2004-01-01,0.4107667492333009
Andaman & Nicobar Island,2005-01-01,0.41343869335440125
Andaman & Nicobar Island,2006-01-01,0.41595408850406196
Andaman & Nicobar Island,2007-01-01,0.41842428679308136
Andaman & Nicobar Island,2008-01-01,0.4212695990206457
Andaman & Nicobar Island,2009-01-01,0.4241011463832322
Andaman & Nicobar Island,2010-01-01,0.4270567246785671
Andaman & Nicobar Island,2011-01-01,0.43026381479451903
Andaman & Nicobar Island,2012-01-01,0.4334662407415069
Andaman & Nicobar Island,2013-01-01,0.43658015043117504
Andaman & Nicobar Island,2014-01-01,0.43935467569221465
Andaman & Nicobar Island,2015-01-01,0.4429671812762599
Andaman & Nicobar Island,2016-01-01,0.44611232022238817
Andaman & Nicobar Island,2017-01-01,0.44967244375430987
Andaman & Nicobar Island,2018-01-01,0.45259576362888637
Andaman & Nicobar Island,2019-01-01,0.45593745546462466
Andaman & Nicobar Island,2020-01-01,0.45953793325944253
Andhra Pradesh,2000-01-01,8.494104770339128
Andhra Pradesh,2001-01-01,8.541681546770727
Andhra Pradesh,2002-01-01,8.579333519048461
Andhra Pradesh,2003-01-01,8.612842042115046
Andhra Pradesh,2004-01-01,8.670339524351034
Andhra Pradesh,2005-01-01,8.69895637276117
Andhra Pradesh,2006-01-01,8.753309298551557
Andhra Pradesh,2007-01-01,8.793486044496019
Andhra Pradesh,2008-01-01,8.831725595118856
Andhra Pradesh,2009-01-01,8.862506973141675
Andhra Pradesh,2010-01-01,8.911651008483402
Andhra Pradesh,2011-01-01,8.97993680817296
Andhra Pradesh,2012-01-01,9.040579380588941
Andhra Pradesh,2013-01-01,9.088079580557862
Andhra Pradesh,2014-01-01,9.143819615543276
Andhra Pradesh,2015-01-01,9.197072587135318
Andhra Pradesh,2016-01-01,9.23808815330228
Andhra Pradesh,2017-01-01,9.288472983444828
Andhra Pradesh,2018-01-01,9.347462407824839
Andhra Pradesh,2019-01-01,9.392074218854809
Andhra Pradesh,2020-01-01,9.460458972858316
Arunanchal Pradesh,2000-01-01,0.12662178738389973
Arunanchal Pradesh,2001-01-01,0.12946282449491683
Arunanchal Pradesh,2002-01-01,0.1320825669877385
Arunanchal Pradesh,2003-01-01,0.13523496272595056
Arunanchal Pradesh,2004-01-01,0.13822873585509926
Arunanchal Pradesh,2005-01-01,0.14140371392443216
Arunanchal Pradesh,2006-01-01,0.14475355885463884
Arunanchal Pradesh,2007-01-01,0.14793730720387366
Arunanchal Pradesh,2008-01-01,0.1513351376871053
Arunanchal Pradesh,2009-01-01,0.15510718707003832
Arunanchal Pradesh,2010-01-01,0.15869319827596262
Arunanchal Pradesh,2011-01-01,0.162313521171368
Arunanchal Pradesh,2012-01-01,0.16714456693871868
Arunanchal Pradesh,2013-01-01,0.17124609268722604
Arunanchal Pradesh,2014-01-01,0.1757410421150682
Arunanchal Pradesh,2015-01-01,0.18022413301434018
Arunanchal Pradesh,2016-01-01,0.18501970162586723
Arunanchal Pradesh,2017-01-01,0.1898159672999371
Arunanchal Pradesh,2018-01-01,0.19451960425328707
Arunanchal Pradesh,2019-01-01,0.1995987085377419
Arunanchal Pradesh,2020-01-01,0.2052141284815262
Assam,2000-01-01,3.273185949782906
Assam,2001-01-01,3.3258687265074207
Assam,2002-01-01,3.382232036498393
Assam,2003-01-01,3.436915282021762
Assam,2004-01-01,3.4937509666045363
Assam,2005-01-01,3.549341102579368
Assam,2006-01-01,3.6057695361372644
Assam,2007-01-01,3.66745426363245
Assam,2008-01-01,3.7254919841831833
Assam,2009-01-01,3.784858916067662
Assam,2010-01-01,3.845313669983494
Assam,2011-01-01,3.9053106205982497
Assam,2012-01-01,3.9643816671826375
Assam,2013-01-01,4.0261753503276125
Assam,2014-01-01,4.093554674681729
Assam,2015-01-01,4.162321900396663
Assam,2016-01-01,4.2301111067457535
Assam,2017-01-01,4.295772136720528
Assam,2018-01-01,4.370336127258729
Assam,2019-01-01,4.441782934275931
Assam,2020-01-01,4.512402128654925
Bihar,2000-01-01,7.430782611650205
Bihar,2001-01-01,7.601503740970289
Bihar,2002-01-01,7.77394769000373
Bihar,2003-01-01,7.946590347751314
Bihar,2004-01-01,8.13076139572221
Bihar,2005-01-01,8.312277320359378
Bihar,2006-01-01,8.499629268237173
Bihar,2007-01-01,8.693859551478642
Bihar,2008-01-01,8.888313767731741
Bihar,2009-01-01,9.090178097543951
Bihar,2010-01-01,9.295859819231946
Bihar,2011-01-01,9.505854525072463
Bihar,2012-01-01,9.718164728482195
Bihar,2013-01-01,9.939378202307427
Bihar,2014-01-01,10.164730522379449
Bihar,2015-01-01,10.399893262110744
Bihar,2016-01-01,10.640424059671833
Bihar,2017-01-01,10.88424657159007
Bihar,2018-01-01,11.129436601657346
Bihar,2019-01-01,11.383098218181342
Bihar,2020-01-01,11.644051113569212
Chandigarh,2000-01-01,42.818676338922785
Chandigarh,2001-01-01,43.24194092411575
Chandigarh,2002-01-01,43.86095232190856
Chandigarh,2003-01-01,44.64167455221053
Chandigarh,2004-01-01,44.880824660017204
Chandigarh,2005-01-01,45.715086995633456
Chandigarh,2006-01-01,46.49065701118613
Chandigarh,2007-01-01,46.89932177147213
Chandigarh,2008-01-01,47.7622571516651
Chandigarh,2009-01-01,48.3669582707649
Chandigarh,2010-01-01,49.144977988622465
Chandigarh,2011-01-01,50.02413813076669
Chandigarh,2012-01-01,51.41526598063704
Chandigarh,2013-01-01,52.24295304218853
Chandigarh,2014-01-01,53.248535995301076
Chandigarh,2015-01-01,54.08366898727607
Chandigarh,2016-01-01,54.35616997065456
Chandigarh,2017-01-01,55.27714459661989
Chandigarh,2018-01-01,56.08158274458614
Chandigarh,2019-01-01,57.193697692900855
Chandigarh,2020-01-01,57.78970407769498
Chhattisgarh,2000-01-01,1.2480636887003103
Chhattisgarh,2001-01-01,1.2711220209774285
Chhattisgarh,2002-01-01,1.2943860013854134
Chhattisgarh,2003-01-01,1.318267570991884
Chhattisgarh,2004-01-01,1.3420486698805238
Chhattisgarh,2005-01-01,1.3672807905992665
Chhattisgarh,2006-01-01,1.3923607384069736
Chhattisgarh,2007-01-01,1.4178863186288964
Chhattisgarh,2008-01-01,1.4446466500105979
Chhattisgarh,2009-01-01,1.4715689450694032
Chhattisgarh,2010-01-01,1.499455970965883
Chhattisgarh,2011-01-01,1.5272524806335117
Chhattisgarh,2012-01-01,1.5563963142969641
Chhattisgarh,2013-01-01,1.5850844364437693
Chhattisgarh,2014-01-01,1.6153235601324303
Chhattisgarh,2015-01-01,1.6456571327713196
Chhattisgarh,2016-01-01,1.676686500662714
Chhattisgarh,2017-01-01,1.7081117407164603
Chhattisgarh,2018-01-01,1.7407229865873528
Chhattisgarh,2019-01-01,1.7737186797528173
Chhattisgarh,2020-01-01,1.8069399135251945
Dadara & Nagar Havelli,2000-01-01,4.2199682833082415
Dadara & Nagar Havelli,2001-01-01,4.453163775088831
Dadara & Nagar Havelli,2002-01-01,4.668676936407415
Dadara & Nagar Havelli,2003-01-01,4.85153321698739
Dadara & Nagar Havelli,2004-01-01,5.227410898143232
Dadara & Nagar Havelli,2005-01-01,5.422845974484464
Dadara & Nagar Havelli,2006-01-01,5.730461899321041
Dadara & Nagar Havelli,2007-01-01,6.00779351773849
Dadara & Nagar Havelli,2008-01-01,6.256445371638501
Dadara & Nagar Havelli,2009-01-01,6.484181040666792
Dadara & Nagar Havelli,2010-01-01,6.659041516671838
Dadara & Nagar Havelli,2011-01-01,7.075874357628888
Dadara & Nagar Havelli,2012-01-01,7.218726719433154
Dadara & Nagar Havelli,2013-01-01,7.724387658128263
Dadara & Nagar Havelli,2014-01-01,7.903554803115014
Dadara & Nagar Havelli,2015-01-01,8.426956558578766
Dadara & Nagar Havelli,2016-01-01,8.782727101447243
Dadara & Nagar Havelli,2017-01-01,9.133892099897594
Dadara & Nagar Havelli,2018-01-01,9.492323619549184
Dadara & Nagar Havelli,2019-01-01,9.909084451163752
Dadara & Nagar Havelli,2020-01-01,10.22741956884648
Daman & Diu,2000-01-01,10.74866462050844
Daman & Diu,2001-01-01,11.20596536092092
Daman & Diu,2002-01-01,11.534645173547357
Daman & Diu,2003-01-01,12.252661132685835
Daman & Diu,2004-01-01,12.64134393537641
Daman & Diu,2005-01-01,13.364840327390816
Daman & Diu,2006-01-01,13.611765287999546
Daman & Diu,2007-01-01,13.844680766384199
Daman & Diu,2008-01-01,14.523256382852187
Daman & Diu,2009-01-01,15.232712083816242
Daman & Diu,2010-01-01,15.44190941474395
Daman & Diu,2011-01-01,16.071806645343752
Daman & Diu,2012-01-01,16.87032100017794
Daman & Diu,2013-01-01,17.656389064495798
Daman & Diu,2014-01-01,18.26017853210737
Daman & Diu,2015-01-01,19.08533359511558
Daman & Diu,2016-01-01,19.89822898565005
Daman & Diu,2017-01-01,20.581573847607874
Daman & Diu,2018-01-01,21.4518699665539
Daman & Diu,2019-01-01,22.232516582748822
Daman & Diu,2020-01-01,23.297009609997453
Goa,2000-01-01,3.1735669796940216
Goa,2001-01-01,3.1995183030584182
Goa,2002-01-01,3.223905863866117
Goa,2003-01-01,3.250849701334075
Goa,2004-01-01,3.276172216156013
Goa,2005-01-01,3.303846841956162
Goa,2006-01-01,3.330117536006628
Goa,2007-01-01,3.3600480246525386
Goa,2008-01-01,3.386321978595841
Goa,2009-01-01,3.4114615670680757
Goa,2010-01-01,3.434798803410435
Goa,2011-01-01,3.465224905706286
Goa,2012-01-01,3.4922722821881003
Goa,2013-01-01,3.5192767523753004
Goa,2014-01-01,3.548425096684043
Goa,2015-01-01,3.5841891910712915
Goa,2016-01-01,3.6192098137954654
Goa,2017-01-01,3.648224642162622
Goa,2018-01-01,3.6735128605601455
Goa,2019-01-01,3.7012674590880437
Goa,2020-01-01,3.7343822839404375
Gujarat,2000-01-01,2.8818818949563205
Gujarat,2001-01-01,2.9318820122570317
Gujarat,2002-01-01,2.9813217348300656
Gujarat,2003-01-01,3.031866855514512
Gujarat,2004-01-01,3.08233169318553
Gujarat,2005-01-01,3.13754942140984
Gujarat,2006-01-01,3.1910084995035524
Gujarat,2007-01-01,3.2464825329860596
Gujarat,2008-01-01,3.3034317823947226
Gujarat,2009-01-01,3.3613756964645387
Gujarat,2010-01-01,3.4213599149599547
Gujarat,2011-01-01,3.4825164392609316
Gujarat,2012-01-01,3.544396177181591
Gujarat,2013-01-01,3.6059066143443483
Gujarat,2014-01-01,3.6716319766692185
Gujarat,2015-01-01,3.7344798140800624
Gujarat,2016-01-01,3.801423041770728
Gujarat,2017-01-01,3.870168920554512
Gujarat,2018-01-01,3.940363762903364
Gujarat,2019-01-01,4.0124138002630465
Gujarat,2020-01-01,4.084311635669473
Haryana,2000-01-01,4.102365116410117
Haryana,2001-01-01,4.1872596662164705
Haryana,2002-01-01,4.271630991612632
Haryana,2003-01-01,4.357184629292906
Haryana,2004-01-01,4.4428613375895925
Haryana,2005-01-01,4.537160051914186
Haryana,2006-01-01,4.628214453810437
Haryana,2007-01-01,4.722348048029629
Haryana,2008-01-01,4.82714907006174
Haryana,2009-01-01,4.92782325326818
Haryana,2010-01-01,5.027081093502188
Haryana,2011-01-01,5.13501278887711
Haryana,2012-01-01,5.248324486428383
Haryana,2013-01-01,5.364340012446026
Haryana,2014-01-01,5.484879770689704
Haryana,2015-01-01,5.604093174543066
Haryana,2016-01-01,5.728510651714867
Haryana,2017-01-01,5.856404334467187
Haryana,2018-01-01,5.989218504209988
Haryana,2019-01-01,6.126318989017703
Haryana,2020-01-01,6.268139561536164
Himachal Pradesh,2000-01-01,1.2822069315565445
Himachal Pradesh,2001-01-01,1.3028812485333447
Himachal Pradesh,2002-01-01,1.3216743603733614
Himachal Pradesh,2003-01-01,1.3401587349843052
Himachal Pradesh,2004-01-01,1.357373644375399
Himachal Pradesh,2005-01-01,1.3786809093006254
Himachal Pradesh,2006-01-01,1.3990868593811676
Himachal Pradesh,2007-01-01,1.4187525664178227
Himachal Pradesh,2008-01-01,1.4401052063434985
Himachal Pradesh,2009-01-01,1.4599578204308363
Himachal Pradesh,2010-01-01,1.4821369953110193
Himachal Pradesh,2011-01-01,1.5051015397932581
Himachal Pradesh,2012-01-01,1.5289928033342657
Himachal Pradesh,2013-01-01,1.551303046109619
Himachal Pradesh,2014-01-01,1.5746904151639451
Himachal Pradesh,2015-01-01,1.5987720829500065
Himachal Pradesh,2016-01-01,1.622814851607986
Himachal Pradesh,2017-01-01,1.6471659467862683
Himachal Pradesh,2018-01-01,1.6725396435561437
Himachal Pradesh,2019-01-01,1.6967452659431974
Himachal Pradesh,2020-01-01,1.7234126390906306
Jammu & Kashmir,2000-01-01,1.9885509084351787
Jammu & Kashmir,2001-01-01,2.0293616885817265
Jammu & Kashmir,2002-01-01,2.07174114412965
Jammu & Kashmir,2003-01-01,2.114970572296764
Jammu & Kashmir,2004-01-01,2.1619909793282015
Jammu & Kashmir,2005-01-01,2.2034116402057187
Jammu & Kashmir,2006-01-01,2.251983892521698
Jammu & Kashmir,2007-01-01,2.303162943497808
Jammu & Kashmir,2008-01-01,2.350863172868413
Jammu & Kashmir,2009-01-01,2.402191457589724
Jammu & Kashmir,2010-01-01,2.4515792993499046
Jammu & Kashmir,2011-01-01,2.50459916746298
Jammu & Kashmir,2012-01-01,2.5572586440619784
Jammu & Kashmir,2013-01-01,2.6205752740958856
Jammu & Kashmir,2014-01-01,2.6734498093526353
Jammu & Kashmir,2015-01-01,2.735686776206692
Jammu & Kashmir,2016-01-01,2.7919485932206243
Jammu & Kashmir,2017-01-01,2.8528892931601555
Jammu & Kashmir,2018-01-01,2.9158939597120304
Jammu & Kashmir,2019-01-01,2.9775946712276102
Jammu & Kashmir,2020-01-01,3.0438548167963084
Jharkhand,2000-01-01,2.966935794167146
Jharkhand,2001-01-01,3.0246389196939365
Jharkhand,2002-01-01,3.0840533396235053
Jharkhand,2003-01-01,3.1439087595686446
Jharkhand,2004-01-01,3.20648052696519
Jharkhand,2005-01-01,3.2689610658782993
Jharkhand,2006-01-01,3.3327068692659445
Jharkhand,2007-01-01,3.3977268045156737
Jharkhand,2008-01-01,3.4639276375295673
Jharkhand,2009-01-01,3.535303418044674
Jharkhand,2010-01-01,3.6041398141612095
Jharkhand,2011-01-01,3.6758180602317267
Jharkhand,2012-01-01,3.75088347139247
Jharkhand,2013-01-01,3.8236659154758033
Jharkhand,2014-01-01,3.899232471834527
Jharkhand,2015-01-01,3.9739206332617
Jharkhand,2016-01-01,4.05437705949853
Jharkhand,2017-01-01,4.1359389090044445
Jharkhand,2018-01-01,4.218758771974669
Jharkhand,2019-01-01,4.303516647901038
Jharkhand,2020-01-01,4.390253260991355
Karnataka,2000-01-01,2.8905771939323737
Karnataka,2001-01-01,2.9430481974501475
Karnataka,2002-01-01,2.9978068405271743
Karnataka,2003-01-01,3.054642534268733
Karnataka,2004-01-01,3.1134352410326867
Karnataka,2005-01-01,3.17354831237652
Karnataka,2006-01-01,3.2349869017121855
Karnataka,2007-01-01,3.298694129603689
Karnataka,2008-01-01,3.3628589743961763
Karnataka,2009-01-01,3.4295379097330736
Karnataka,2010-01-01,3.4996126866865254
Karnataka,2011-01-01,3.5707659827887213
Karnataka,2012-01-01,3.6449601626942028
Karnataka,2013-01-01,3.720489571834233
Karnataka,2014-01-01,3.7996141749179544
Karnataka,2015-01-01,3.880870715703035
Karnataka,2016-01-01,3.964995441628599
Karnataka,2017-01-01,4.05031245673919
Karnataka,2018-01-01,4.139225687688494
Karnataka,2019-01-01,4.2306217848330805
Karnataka,2020-01-01,4.324316534167945
Kerala,2000-01-01,7.803431786673711
Kerala,2001-01-01,7.834920699928662
Kerala,2002-01-01,7.8667635884690466
Kerala,2003-01-01,7.8995584716935365
Kerala,2004-01-01,7.939158710003392
Kerala,2005-01-01,7.9674506564292855
Kerala,2006-01-01,8.003325147651738
Kerala,2007-01-01,8.042830227096385
Kerala,2008-01-01,8.068637520413663
Kerala,2009-01-01,8.098832776322501
Kerala,2010-01-01,8.132133494870892
Kerala,2011-01-01,8.172906356149575
Kerala,2012-01-01,8.20470492959355
Kerala,2013-01-01,8.237684330518652
Kerala,2014-01-01,8.272851780895794
Kerala,2015-01-01,8.309060937112177
Kerala,2016-01-01,8.351411278051406
Kerala,2017-01-01,8.385963747012573
Kerala,2018-01-01,8.422761975722619
Kerala,2019-01-01,8.458116263641267
Kerala,2020-01-01,8.49619629428682
Lakshadweep,2000-01-01,20.312949706197863
Lakshadweep,2001-01-01,20.412607790701173
Lakshadweep,2002-01-01,20.558155302764455
Lakshadweep,2003-01-01,20.687813482816427
Lakshadweep,2004-01-01,20.89341867124868
Lakshadweep,2005-01-01,20.9615019130338
Lakshadweep,2006-01-01,21.101096307723946
Lakshadweep,2007-01-01,21.281128859335638
Lakshadweep,2008-01-01,21.33869167323364
Lakshadweep,2009-01-01,21.503688445476303
Lakshadweep,2010-01-01,21.564861246517268
Lakshadweep,2011-01-01,21.75808481308526
Lakshadweep,2012-01-01,21.87803121466145
Lakshadweep,2013-01-01,22.00496444204427
Lakshadweep,2014-01-01,22.15627465495112
Lakshadweep,2015-01-01,22.31287577691516
Lakshadweep,2016-01-01,22.376152512950192
Lakshadweep,2017-01-01,22.53992664880929
Lakshadweep,2018-01-01,22.6300523802545
Lakshadweep,2019-01-01,22.76998937133153
Lakshadweep,2020-01-01,22.97230452077991
Madhya Pradesh,2000-01-01,1.649359881654627
Madhya Pradesh,2001-01-01,1.6810540133820013
Madhya Pradesh,2002-01-01,1.7135522972702935
Madhya Pradesh,2003-01-01,1.7458788103018537
Madhya Pradesh,2004-01-01,1.779630641986405
Madhya Pradesh,2005-01-01,1.8140698881630954
Madhya Pradesh,2006-01-01,1.8488067580725827
Madhya Pradesh,2007-01-01,1.8844695424256666
Madhya Pradesh,2008-01-01,1.9209829490844579
Madhya Pradesh,2009-01-01,1.9580223254105047
Madhya Pradesh,2010-01-01,1.995705191496317
Madhya Pradesh,2011-01-01,2.0344231737761316
Madhya Pradesh,2012-01-01,2.0733611327532473
Madhya Pradesh,2013-01-01,2.1150115792231876
Madhya Pradesh,2014-01-01,2.1558448530905037
Madhya Pradesh,2015-01-01,2.1990392140910173
Madhya Pradesh,2016-01-01,2.242369558232916
Madhya Pradesh,2017-01-01,2.2864717350716206
Madhya Pradesh,2018-01-01,2.3310853140176078
Madhya Pradesh,2019-01-01,2.3766769215103856
Madhya Pradesh,2020-01-01,2.4231324789547326
Maharashtra,2000-01-01,19.429651509036795
Maharashtra,2001-01-01,19.44584233406893
Maharashtra,2002-01-01,19.4884752413133
Maharashtra,2003-01-01,19.451772229741145
Maharashtra,2004-01-01,19.400153956592515
Maharashtra,2005-01-01,19.441323782644215
Maharashtra,2006-01-01,19.456915991446618
Maharashtra,2007-01-01,19.543028223868475
Maharashtra,2008-01-01,19.552591541148576
Maharashtra,2009-01-01,19.51236778613047
Maharashtra,2010-01-01,19.5864361604202
Maharashtra,2011-01-01,19.663307775422666
Maharashtra,2012-01-01,19.701960879332685
Maharashtra,2013-01-01,19.68209250292856
Maharashtra,2014-01-01,19.74555886711406
Maharashtra,2015-01-01,19.67355865510301
Maharashtra,2016-01-01,19.593652304192254
Maharashtra,2017-01-01,19.34888779110805
Maharashtra,2018-01-01,19.46366790609552
Maharashtra,2019-01-01,19.53813977116286
Maharashtra,2020-01-01,19.39053717184864
Manipur,2000-01-01,2.0623321438855045
Manipur,2001-01-01,2.0997706413317365
Manipur,2002-01-01,2.1356649097806244
Manipur,2003-01-01,2.1719088125260955
Manipur,2004-01-01,2.208543599218862
Manipur,2005-01-01,2.249651472770316
Manipur,2006-01-01,2.2845356314184597
Manipur,2007-01-01,2.3241545561745856
Manipur,2008-01-01,2.365700604425087
Manipur,2009-01-01,2.404834213617274
Manipur,2010-01-01,2.4497309447256823
Manipur,2011-01-01,2.496962957990573
Manipur,2012-01-01,2.5410354437545895
Manipur,2013-01-01,2.5864645370400567
Manipur,2014-01-01,2.6311645886046815
Manipur,2015-01-01,2.674142873815673
Manipur,2016-01-01,2.719221570376915
Manipur,2017-01-01,2.7693386561063495
Manipur,2018-01-01,2.8182065813548456
Manipur,2019-01-01,2.868390762767314
Manipur,2020-01-01,2.922557333245811
Meghalaya,2000-01-01,0.8434256910813155
Meghalaya,2001-01-01,0.868092833498838
Meghalaya,2002-01-01,0.8895336032569582
Meghalaya,2003-01-01,0.9094046859643277
Meghalaya,2004-01-01,0.9326349118181566
Meghalaya,2005-01-01,0.9556744614522458
Meghalaya,2006-01-01,0.9808232445925136
Meghalaya,2007-01-01,1.0013991134730917
Meghalaya,2008-01-01,1.022891254170753
Meghalaya,2009-01-01,1.0503411663045819
Meghalaya,2010-01-01,1.0740516798857789
Meghalaya,2011-01-01,1.1044552749525987
Meghalaya,2012-01-01,1.1356476332157153
Meghalaya,2013-01-01,1.1709085456562658
Meghalaya,2014-01-01,1.1952455856660984
Meghalaya,2015-01-01,1.2290667387192165
Meghalaya,2016-01-01,1.268906178689351
Meghalaya,2017-01-01,1.306626411438527
Meghalaya,2018-01-01,1.3345423856646843
Meghalaya,2019-01-01,1.3656238946996002
Meghalaya,2020-01-01,1.4058225427956688
Mizoram,2000-01-01,0.32371520019031685
Mizoram,2001-01-01,0.33061675837317533
Mizoram,2002-01-01,0.3377261907368406
Mizoram,2003-01-01,0.34583680384428733
Mizoram,2004-01-01,0.352728405341808
Mizoram,2005-01-01,0.360882233016448
Mizoram,2006-01-01,0.3696427776946089
Mizoram,2007-01-01,0.3766402759560673
Mizoram,2008-01-01,0.385188904977783
Mizoram,2009-01-01,0.39459895030487663
Mizoram,2010-01-01,0.4046613243800156
Mizoram,2011-01-01,0.4142062195645675
Mizoram,2012-01-01,0.4235885132221339
Mizoram,2013-01-01,0.4333654717615158
Mizoram,2014-01-01,0.44424555132205146
Mizoram,2015-01-01,0.45191601523705377
Mizoram,2016-01-01,0.46207348256135755
Mizoram,2017-01-01,0.4717274902021136
Mizoram,2018-01-01,0.48243427974516706
Mizoram,2019-01-01,0.49279686782863186
Mizoram,2020-01-01,0.5030648316549827
NCT of Delhi,2000-01-01,122.93489937677964
NCT of Delhi,2001-01-01,124.0875445361805
NCT of Delhi,2002-01-01,125.32164645202849
NCT of Delhi,2003-01-01,126.6250111076519
NCT of Delhi,2004-01-01,127.97436708506171
NCT of Delhi,2005-01-01,129.37571838434394
NCT of Delhi,2006-01-01,130.75544994146006
NCT of Delhi,2007-01-01,132.2075199707193
NCT of Delhi,2008-01-01,133.58881853564637
NCT of Delhi,2009-01-01,135.17893772740015
NCT of Delhi,2010-01-01,136.87373852882388
NCT of Delhi,2011-01-01,138.52744590215738
NCT of Delhi,2012-01-01,140.05954605772814
NCT of Delhi,2013-01-01,141.85920990396264
NCT of Delhi,2014-01-01,143.65253553641466
NCT of Delhi,2015-01-01,145.43502065815935
NCT of Delhi,2016-01-01,147.2137561404654
NCT of Delhi,2017-01-01,148.91037257020923
NCT of Delhi,2018-01-01,150.9278256588624
NCT of Delhi,2019-01-01,152.9132328276383
NCT of Delhi,2020-01-01,154.85785061401344
Nagaland,2000-01-01,1.083350956350956
Nagaland,2001-01-01,1.074354783458723
Nagaland,2002-01-01,1.069307977725533
Nagaland,2003-01-01,1.0610409110252554
Nagaland,2004-01-01,1.056790705901285
Nagaland,2005-01-01,1.0582171580499349
Nagaland,2006-01-01,1.0481296601420382
Nagaland,2007-01-01,1.0485128517282423
Nagaland,2008-01-01,1.054763773768405
Nagaland,2009-01-01,1.051473315053235
Nagaland,2010-01-01,1.0524442805910577
Nagaland,2011-01-01,1.0501915966487023
Nagaland,2012-01-01,1.056078971961488
Nagaland,2013-01-01,1.0579718661467752
Nagaland,2014-01-01,1.064805362336017
Nagaland,2015-01-01,1.0722434686402387
Nagaland,2016-01-01,1.0764426848040691
Nagaland,2017-01-01,1.0838130982758176
Nagaland,2018-01-01,1.0831398381694335
Nagaland,2019-01-01,1.0911453211930648
Nagaland,2020-01-01,1.1003930818682857
Odisha,2000-01-01,2.354220399500761
Odisha,2001-01-01,2.383987387639741
Odisha,2002-01-01,2.4143121543766237
Odisha,2003-01-01,2.4446907827822146
Odisha,2004-01-01,2.4756894151924524
Odisha,2005-01-01,2.5066579528875805
Odisha,2006-01-01,2.5387113623603446
Odisha,2007-01-01,2.5710292572027025
Odisha,2008-01-01,2.603757315324466
Odisha,2009-01-01,2.637803405554584
Odisha,2010-01-01,2.671294579588241
Odisha,2011-01-01,2.7043716577630383
Odisha,2012-01-01,2.7389578755695996
Odisha,2013-01-01,2.774405593553321
Odisha,2014-01-01,2.8102174150263437
Odisha,2015-01-01,2.8467748564544215
Odisha,2016-01-01,2.883607632302942
Odisha,2017-01-01,2.92088063660218
Odisha,2018-01-01,2.9584945401678415
Odisha,2019-01-01,2.9967307727178185
Odisha,2020-01-01,3.035506538104826
Puducherry,2000-01-01,15.547159260111815
Puducherry,2001-01-01,15.298368767323513
Puducherry,2002-01-01,15.997905479510573
Puducherry,2003-01-01,16.566601540895384
Puducherry,2004-01-01,17.059766023025773
Puducherry,2005-01-01,17.92256444281807
Puducherry,2006-01-01,18.225153512728397
Puducherry,2007-01-01,18.36755607996853
Puducherry,2008-01-01,19.060904292800352
Puducherry,2009-01-01,19.86114469072237
Puducherry,2010-01-01,19.8773283472107
Puducherry,2011-01-01,20.776207969393827
Puducherry,2012-01-01,22.328648144426992
Puducherry,2013-01-01,22.66891037555244
Puducherry,2014-01-01,23.18093638797523
Puducherry,2015-01-01,24.391187435653688
Puducherry,2016-01-01,25.461973655632335
Puducherry,2017-01-01,26.58008016833569
Puducherry,2018-01-01,26.737008936768234
Puducherry,2019-01-01,27.224877895404777
Puducherry,2020-01-01,28.088926687741942
Punjab,2000-01-01,3.596059865999056
Punjab,2001-01-01,3.6448151975972016
Punjab,2002-01-01,3.69455058545324
Punjab,2003-01-01,3.744274444084284
Punjab,2004-01-01,3.7975483486597605
Punjab,2005-01-01,3.8454702768265365
Punjab,2006-01-01,3.899915131724201
Punjab,2007-01-01,3.9560265046173093
Punjab,2008-01-01,4.004681547295364
Punjab,2009-01-01,4.057955757589346
Punjab,2010-01-01,4.1143083536859795
Punjab,2011-01-01,4.165420380332301
Punjab,2012-01-01,4.217719051683387
Punjab,2013-01-01,4.2748598134186775
Punjab,2014-01-01,4.331449079036672
Punjab,2015-01-01,4.391944521575092
Punjab,2016-01-01,4.455225208908258
Punjab,2017-01-01,4.51671797412001
Punjab,2018-01-01,4.580249069264416
Punjab,2019-01-01,4.6412843099388335
Punjab,2020-01-01,4.708941444835018
Rajasthan,2000-01-01,1.6542324349856505
Rajasthan,2001-01-01,1.6858863682440122
Rajasthan,2002-01-01,1.7177039137491188
Rajasthan,2003-01-01,1.7509072341736511
Rajasthan,2004-01-01,1.7839264838135833
Rajasthan,2005-01-01,1.8177588200678538
Rajasthan,2006-01-01,1.852503174224167
Rajasthan,2007-01-01,1.8878505717874121
Rajasthan,2008-01-01,1.9241113007047406
Rajasthan,2009-01-01,1.962139130212771
Rajasthan,2010-01-01,1.9997137941679006
Rajasthan,2011-01-01,2.037048809184256
Rajasthan,2012-01-01,2.0765623306677026
Rajasthan,2013-01-01,2.1157530071283257
Rajasthan,2014-01-01,2.1568634840759406
Rajasthan,2015-01-01,2.1981321838694687
Rajasthan,2016-01-01,2.2397505746302935
Rajasthan,2017-01-01,2.2826458060980084
Rajasthan,2018-01-01,2.3265966833911773
Rajasthan,2019-01-01,2.3716361572635476
Rajasthan,2020-01-01,2.4175776562849154
Sikkim,2000-01-01,1.0304713615301313
Sikkim,2001-01-01,1.0438225819696636
Sikkim,2002-01-01,1.0593816623113987
Sikkim,2003-01-01,1.0688259989775353
Sikkim,2004-01-01,1.0902352207538548
Sikkim,2005-01-01,1.1000761895500835
Sikkim,2006-01-01,1.1128473165460067
Sikkim,2007-01-01,1.1277495206771218
Sikkim,2008-01-01,1.1412939717537711
Sikkim,2009-01-01,1.1543639125776801
Sikkim,2010-01-01,1.1695515413298945
Sikkim,2011-01-01,1.1894141104599973
Sikkim,2012-01-01,1.2031131159478758
Sikkim,2013-01-01,1.2148861568286418
Sikkim,2014-01-01,1.2284126921230314
Sikkim,2015-01-01,1.2414253097783092
Sikkim,2016-01-01,1.2588027536545512
Sikkim,2017-01-01,1.2760528506385151
Sikkim,2018-01-01,1.2916860803671366
Sikkim,2019-01-01,1.307337882571207
Sikkim,2020-01-01,1.3282806961282212
Tamil Nadu,2000-01-01,9.891647962255298
Tamil Nadu,2001-01-01,9.968856370120866
Tamil Nadu,2002-01-01,10.087376812550731
Tamil Nadu,2003-01-01,10.175687236892557
Tamil Nadu,2004-01-01,10.337444781966118
Tamil Nadu,2005-01-01,10.407709061542713
Tamil Nadu,2006-01-01,10.480252896723814
Tamil Nadu,2007-01-01,10.619869173841547
Tamil Nadu,2008-01-01,10.683710467585524
Tamil Nadu,2009-01-01,10.753100665630052
Tamil Nadu,2010-01-01,10.80327760950012
Tamil Nadu,2011-01-01,11.014840326942828
Tamil Nadu,2012-01-01,10.96690689056219
Tamil Nadu,2013-01-01,11.032825961547701
Tamil Nadu,2014-01-01,11.19905766509386
Tamil Nadu,2015-01-01,11.335414824196715
Tamil Nadu,2016-01-01,11.399497274611422
Tamil Nadu,2017-01-01,11.506886912017968
Tamil Nadu,2018-01-01,11.631496634156413
Tamil Nadu,2019-01-01,11.744861512820906
Tamil Nadu,2020-01-01,11.827421996092275
Tripura,2000-01-01,2.2954922148148933
Tripura,2001-01-01,2.3280074839194915
Tripura,2002-01-01,2.362127819959647
Tripura,2003-01-01,2.3971059637579804
Tripura,2004-01-01,2.42960404328543
Tripura,2005-01-01,2.4668170972303294
Tripura,2006-01-01,2.5026604811605706
Tripura,2007-01-01,2.5370832579511804
Tripura,2008-01-01,2.5750066482761995
Tripura,2009-01-01,2.613500000172537
Tripura,2010-01-01,2.649905628558528
Tripura,2011-01-01,2.6887907580326287
Tripura,2012-01-01,2.731905632771854
Tripura,2013-01-01,2.77167899253581
Tripura,2014-01-01,2.812209793870122
Tripura,2015-01-01,2.8519204038544608
Tripura,2016-01-01,2.899240472715402
Tripura,2017-01-01,2.9428799612999086
Tripura,2018-01-01,2.9862582531225037
Tripura,2019-01-01,3.025982243774388
Tripura,2020-01-01,3.074511970920593
Uttar Pradesh,2000-01-01,5.710196904427233
Uttar Pradesh,2001-01-01,5.816499778232611
Uttar Pradesh,2002-01-01,5.926262463556136
Uttar Pradesh,2003-01-01,6.036796826753593
Uttar Pradesh,2004-01-01,6.153118959554191
Uttar Pradesh,2005-01-01,6.267467561545672
Uttar Pradesh,2006-01-01,6.385909760585852
Uttar Pradesh,2007-01-01,6.506541339261306
Uttar Pradesh,2008-01-01,6.627199010418588
Uttar Pradesh,2009-01-01,6.753285293271113
Uttar Pradesh,2010-01-01,6.881570420143699
Uttar Pradesh,2011-01-01,7.013668782524297
Uttar Pradesh,2012-01-01,7.146565114671778
Uttar Pradesh,2013-01-01,7.282425556496168
Uttar Pradesh,2014-01-01,7.420020767191377
Uttar Pradesh,2015-01-01,7.5644577208351
Uttar Pradesh,2016-01-01,7.710876162991986
Uttar Pradesh,2017-01-01,7.85873991291277
Uttar Pradesh,2018-01-01,8.008595316093139
Uttar Pradesh,2019-01-01,8.163051998485011
Uttar Pradesh,2020-01-01,8.321238865142293
Uttarakhand,2000-01-01,1.523839348201481
Uttarakhand,2001-01-01,1.5506079832916533
Uttarakhand,2002-01-01,1.5813582081206559
Uttarakhand,2003-01-01,1.6103834738304577
Uttarakhand,2004-01-01,1.6405328892025497
Uttarakhand,2005-01-01,1.6718721863539716
Uttarakhand,2006-01-01,1.7037156946394292
Uttarakhand,2007-01-01,1.7386383598333972
Uttarakhand,2008-01-01,1.7731617598015414
Uttarakhand,2009-01-01,1.809124636950417
Uttarakhand,2010-01-01,1.8422087769037978
Uttarakhand,2011-01-01,1.875979957655261
Uttarakhand,2012-01-01,1.916885101064445
Uttarakhand,2013-01-01,1.9539178874758263
Uttarakhand,2014-01-01,1.9937554897729972
Uttarakhand,2015-01-01,2.035034138903196
Uttarakhand,2016-01-01,2.0748630329663227
Uttarakhand,2017-01-01,2.1177191302035627
Uttarakhand,2018-01-01,2.162024508765565
Uttarakhand,2019-01-01,2.207884022716797
Uttarakhand,2020-01-01,2.255021499557054
West Bengal,2000-01-01,22.324090742366085
West Bengal,2001-01-01,23.081827783332184
West Bengal,2002-01-01,23.557304551109077
West Bengal,2003-01-01,23.0960949730962
West Bengal,2004-01-01,23.292014333439937
West Bengal,2005-01-01,23.692285445027775
West Bengal,2006-01-01,23.98448269464322
West Bengal,2007-01-01,24.077538896326796
West Bengal,2008-01-01,24.107182375062997
West Bengal,2009-01-01,24.10693591938892
West Bengal,2010-01-01,24.233032718272227
West Bengal,2011-01-01,24.81441544813842
West Bengal,2012-01-01,24.582656532686155
West Bengal,2013-01-01,24.87395548711299
West Bengal,2014-01-01,24.874067108710232
West Bengal,2015-01-01,25.226942452791327
West Bengal,2016-01-01,25.205735699896326
West Bengal,2017-01-01,25.025627177582447
West Bengal,2018-01-01,25.286201802983456
West Bengal,2019-01-01,25.696369978899977
West Bengal,2020-01-01,25.398279934741016
